,Judul,Harga,Lokasi,Hyperlink,Img_Hyperlink,Kamar Tidur,Kamar Mandi,Luas Tanah,Luas Bangunan,Carport,Tipe Properti,Sertifikat,Daya Listrik,Kamar Pembantu,Dapur,Ruang Makan,Ruang Tamu,Kondisi Perabotan,Jumlah Lantai,Pemandangan,Terjangkau Internet,Lebar Jalan,Sumber Air,Hook,Kondisi Properti,Tipe Iklan
1251,RUMAH CANTIK FULL FURNISH DI KAWASAN BELLER,"Rp 1,8 Miliar","Balikpapan Tengah, Balikpapan",https://www.rumah123.com//properti/balikpapan/hos8904125/,https://picture.rumah123.com/r123/720x420-crop/house/ho89/8904125/original/hos8904125-rumah-di-jual-di-balikpapan-tengah-balikpapan-1632712620.jpg,5,3,150 m²,300 m²,,Rumah,SHM - Sertifikat Hak Milik,3500 Watt,,,Tidak,Tidak,,,,Tidak,,,Tidak,,Dijual
1252,RUMAH STRATEGIS DI KAWASAN PERUMAHAN KARTINI RESIDENCE,Rp 600 Juta,"Balikpapan Selatan, Balikpapan",https://www.rumah123.com//properti/balikpapan/hos8836635/,https://picture.rumah123.com/r123/720x420-crop/house/ho88/8836635/original/hos8836635-rumah-di-jual-di-balikpapan-selatan-balikpapan-1631513092.jpg,2,1,72 m²,49 m²,,Rumah,SHM - Sertifikat Hak Milik,1300 Watt,,,Tidak,Tidak,,,,Tidak,,,Tidak,,Dijual
1253,"RUMAH MEWAH di BALIKPAPAN, KALIMANTAN TIMUR",Rp 30 Miliar,"Balikpapan Timur, Balikpapan",https://www.rumah123.com//properti/balikpapan/hos8801013/,https://picture.rumah123.com/r123/720x420-crop/house/ho88/8801013/original/hos8801013-rumah-di-jual-di-balikpapan-timur-di-balikpapan-16309232450774.jpg,5,5,1400 m²,800 m²,,Rumah,,,,,,,,,,,,,,,Dijual
1254,RUMAH BARU CANTIK KEREN SIAP HUNI DITENGAH KOTA BALIKPAPAN,Rp 600 Juta,"Balikpapan Selatan, Balikpapan",https://www.rumah123.com//properti/balikpapan/hos8796964/,https://picture.rumah123.com/r123/720x420-crop/house/ho87/8796964/original/hos8796964-rumah-di-jual-di-balikpapan-selatan-balikpapan-1630889639.jpg,2,1,136 m²,49 m²,,Rumah,SHM - Sertifikat Hak Milik,1300 Watt,,,,,,,,,,,,,Dijual
1255,RUMAH SATU LANTAI SIAP HUNI DI KAWASAN PERUMAHAN PUPUK,"Rp 2,5 Miliar","Balikpapan Selatan, Balikpapan",https://www.rumah123.com//properti/balikpapan/hos8760480/,https://picture.rumah123.com/r123/720x420-crop/house/ho87/8760480/original/hos8760480-rumah-di-jual-di-balikpapan-selatan-balikpapan-1630292420.jpg,3,3,356 m²,182 m²,,Rumah,SHM - Sertifikat Hak Milik,6600 Watt,,,Tidak,Tidak,,,,Tidak,,,Tidak,,Dijual
1256,Rumah Cantik Minimalis Tanpa DP,Rp 350 Juta,"Balikpapan Utara, Balikpapan",https://www.rumah123.com//properti/balikpapan/hos8666943/,https://picture.rumah123.com/r123-images/720x420-crop/customer/1355633/2023-09-17-03-24-58-58c29ca2-46d1-4301-8119-3fa7cbf75020.png,2,1,90 m²,40 m²,1,Rumah,SHM - Sertifikat Hak Milik,1300 Watt,,1,Tidak,Ya,Unfurnished,1,Pemukiman Warga,Ya,,PAM atau PDAM,Tidak,Baru,Dijual
1257,Rumah Cantik Minimalis Tanah Luas Tanpa Dp,Rp 365 Juta,"Batu Ampar, Balikpapan",https://www.rumah123.com//properti/balikpapan/hos8666974/,https://picture.rumah123.com/r123-images/720x420-crop/customer/1355633/2023-08-17-04-26-31-fb05f453-baab-4980-9f0c-edd7461840ab.png,2,1,90 m²,40 m²,1,Rumah,HGB - Hak Guna Bangunan,1300 Watt,,1,Tidak,Ya,Unfurnished,1,Pemukiman Warga,Ya,,PAM atau PDAM,Tidak,Baru,Dijual
1258,HARGA PROMO PERDANA 900 JT AN,Rp 904 Juta,"Balikpapan Selatan, Balikpapan",https://www.rumah123.com//properti/balikpapan/hos8668737/,https://picture.rumah123.com/r123/720x420-crop/house/ho86/8668737/original/hos8668737-rumah-di-jual-di-balikpapan-selatan-balikpapan-1703827368.jpg,2,3,60 m²,49 m²,,Rumah,"Lainnya (PPJB,Girik,Adat,dll)",1300 Watt,,,,,,,,,,,,,Dijual
1259,RUMAH KOS DI DAERAH RAMAI STRATEGIS,"Rp 2,5 Miliar","Balikpapan Selatan, Balikpapan",https://www.rumah123.com//properti/balikpapan/hos8607984/,https://picture.rumah123.com/r123/720x420-crop/house/ho86/8607984/original/hos8607984-rumah-di-jual-di-balikpapan-selatan-balikpapan-1627260361.jpg,12,12,400 m²,380 m²,,Rumah,SHM - Sertifikat Hak Milik,4400 Watt,,,,,,,,,,,,,Dijual
1260,RUMAH SIAP HUNI DI PERUMAHAN ELITE BALIKPAPAN,"Rp 1,2 Miliar","Balikpapan Selatan, Balikpapan",https://www.rumah123.com//properti/balikpapan/hos8525849/,https://picture.rumah123.com/r123/720x420-crop/house/ho85/8525849/original/hos8525849-rumah-di-jual-di-balikpapan-selatan-balikpapan-1625470585.jpg,3,2,130 m²,70 m²,,Rumah,SHM - Sertifikat Hak Milik,2200 Watt,,,,,,,,,,,,,Dijual
1261,RUMAH MEWAH ELEGAN DI PINGGIR JALAN BESAR KOTA BALIKPAPAN,Rp 4 Miliar,"Balikpapan Utara, Balikpapan",https://www.rumah123.com//properti/balikpapan/hos8430946/,https://picture.rumah123.com/r123/720x420-crop/house/ho84/8430946/original/hos8430946-rumah-di-jual-di-balikpapan-utara-balikpapan-1623641242.jpg,5,2,538 m²,260 m²,,Rumah,SHM - Sertifikat Hak Milik,3500 Watt,2,,Tidak,Tidak,,,,Tidak,,,Tidak,,Dijual
1262,Rumah Regency dua lantai,"Rp 1,8 Miliar","Balikpapan Selatan, Balikpapan",https://www.rumah123.com//properti/balikpapan/hos8338386/,https://picture.rumah123.com/r123/720x420-crop/house/ho83/8338386/original/hos8338386-rumah-di-jual-di-balikpapan-selatan-balikpapan-16218332980801.jpg,3,2,152 m²,130 m²,,Rumah,SHM - Sertifikat Hak Milik,,,,Tidak,Tidak,Unfurnished,1,,Tidak,,,Tidak,Bagus,Dijual
1263,Rumah hook perum Wika,"Rp 2,2 Miliar","Balikpapan Selatan, Balikpapan",https://www.rumah123.com//properti/balikpapan/hos7370707/,https://picture.rumah123.com/r123/720x420-crop/house/ho73/7370707/original/hos7370707-rumah-di-jual-di-balikpapan-selatan-balikpapan-16012857151024.jpg,3,2,300 m²,100 m²,,Rumah,SHM - Sertifikat Hak Milik,,,,,,Unfurnished,1,,,,,,,Dijual
1264,Rumah Cepat 2 Lantai Costarica Balikpapan Regency,"Rp 1,2 Miliar","Balikpapan Utara, Balikpapan",https://www.rumah123.com//properti/balikpapan/hos1781260/,https://picture.rumah123.com/r123-images/720x420-crop/customer/553144/2023-08-25-09-37-55-01447164-266b-4ea3-ab6e-0825c397f8fe.jpg,3,2,56 m²,150 m²,2,Rumah,SHM - Sertifikat Hak Milik,2200 Watt,,1,Ya,Tidak,Semi Furnished,2,,Tidak,,PAM atau PDAM,Tidak,Bagus,Dijual
1265,RUMAH MINIMALIS STRATEGIS FULL RENOVASI MT. HARYONO DALAM BIMA JAMRUD BALIKPAPAN KALTIM,"Rp 1,4 Miliar","Balikpapan Selatan, Balikpapan",https://www.rumah123.com//properti/balikpapan/hos16122231/,https://picture.rumah123.com/r123/720x420-crop/house/ho16/16122231/original/hos16122231-rumah-di-jual-di-balikpapan-selatan-balikpapan-1705881596.jpg,2,2,120 m²,50 m²,1,Rumah,SHM - Sertifikat Hak Milik,2200 Watt,1,1,Tidak,Tidak,Unfurnished,1,Pemukiman Warga,Ya,2 Mobil,,Tidak,Sudah Renovasi,Dijual
1266,"BALIKPAPAN, RUMAH BARU 2 LANTAI PINEVILLE SINARMASLAND","Rp 1,81 Miliar","Balikpapan Utara, Balikpapan",https://www.rumah123.com//properti/balikpapan/hos16122195/,https://picture.rumah123.com/r123/720x420-crop/house/ho16/16122195/original/hos16122195-rumah-di-jual-di-balikpapan-utara-balikpapan-1705879632.jpg,2,2,108 m²,61 m²,,Rumah,"Lainnya (PPJB,Girik,Adat,dll)",2200 Watt,,1,Tidak,Tidak,Unfurnished,2,Pemukiman Warga,Tidak,2 Mobil,,Tidak,Baru,Dijual
1267,Hunian Bagus Full Furnish di Jl Wonorejo Balikpapan Utara,"Rp 1,7 Miliar","Balikpapan Kota, Balikpapan",https://www.rumah123.com//properti/balikpapan/hos16120840/,https://picture.rumah123.com/r123-images/720x420-crop/customer/1476447/2024-01-21-13-44-05-475ad4a5-ef4b-4ca0-85d8-29634fb85487.jpg,3,2,348 m²,145 m²,,Rumah,SHM - Sertifikat Hak Milik,,,,Tidak,Tidak,Furnished,1,,Tidak,,,Tidak,Bagus,Dijual
1268,Rumah sederhana di sepinggan dekat  bandara,Rp 500 Juta,"Balikpapan Selatan, Balikpapan",https://www.rumah123.com//properti/balikpapan/hos16043184/,https://picture.rumah123.com/r123-images/720x420-crop/customer/1929388/2024-01-14-09-48-09-ad47099e-35f0-4160-87f9-4c10a8c76190.jpg,3,1,180 m²,48 m²,3,Rumah,SHM - Sertifikat Hak Milik,900 Watt,,1,Ya,Ya,Unfurnished,1,Perkotaan,Ya,2 Mobil,PAM atau PDAM,Tidak,Sudah Renovasi,Dijual
1269,RUMAH MINIMALIS BORNEO PARADISO DEKAT PANTAI,Rp 450 Juta,"Balikpapan Timur, Balikpapan",https://www.rumah123.com//properti/balikpapan/hos16042853/,https://picture.rumah123.com/r123-images/720x420-crop/customer/1929388/2024-01-14-08-55-35-f7689271-399a-4a09-97ac-fc5f5d8993ff.jpg,2,1,72 m²,70 m²,1,Rumah,SHM - Sertifikat Hak Milik,2200 Watt,,1,Ya,Ya,Unfurnished,2,Perkotaan,Ya,2 Mobil,Sumur Galian,Tidak,Sudah Renovasi,Dijual
1270,RUMAH MINIMALIS GRAND CITY  BALIKPAPAN ,Rp 950 Juta,"Balikpapan Utara, Balikpapan",https://www.rumah123.com//properti/balikpapan/hos15808496/,https://picture.rumah123.com/r123-images/720x420-crop/customer/1929388/2023-12-17-10-53-46-0cc2bb16-8841-4173-904b-a3b5cb45ab4f.jpg,2,2,72 m²,45 m²,2,Rumah,SHM - Sertifikat Hak Milik,1300 Watt,,1,Ya,Ya,Unfurnished,2,Perkotaan,Ya,2 Mobil,Sumur Galian,Tidak,Bagus,Dijual
1271,RUMAH MINIMALIS  SIAP HUNI DI SEPINGGAN PRATAMA,Rp 700 Juta,"Balikpapan Selatan, Balikpapan",https://www.rumah123.com//properti/balikpapan/hos15523120/,https://picture.rumah123.com/r123/720x420-crop/house/ho15/15523120/original/hos15523120-rumah-di-jual-di-balikpapan-selatan-balikpapan-1700388035.jpg,3,2,150 m²,150 m²,,Rumah,SHM - Sertifikat Hak Milik,2200 Watt,,,,,,,,,,,,,Dijual
1272,Rumah cantik di perumahan komplek ramayana,Rp 950 Juta,"Balikpapan Utara, Balikpapan",https://www.rumah123.com//properti/balikpapan/hos15523094/,https://picture.rumah123.com/r123/720x420-crop/house/ho15/15523094/original/hos15523094-rumah-di-jual-di-balikpapan-utara-balikpapan-1700387692.jpg,3,2,210 m²,210 m²,3,Rumah,SHM - Sertifikat Hak Milik,2200 Watt,,,Tidak,Tidak,Semi Furnished,2,,Tidak,,,Tidak,Bagus,Dijual
1273,Rumah Mess Ditengah Kota Balikpapan.    ,"Rp 1,55 Miliar","Gn. Samarinda, Balikpapan",https://www.rumah123.com//properti/balikpapan/hos15436489/,https://picture.rumah123.com/r123/720x420-crop/house/ho15/15436489/original/hos15436489-rumah-di-jual-di-gn.-samarinda-balikpapan-1699833137.jpg,13,4,150 m²,260 m²,,Rumah,SHM - Sertifikat Hak Milik,2200 Watt,,,Ya,Ya,Semi Furnished,2,Pemukiman Warga,Ya,2 Mobil,PAM atau PDAM,Tidak,Bagus,Dijual
1274,Rumah Dekat Terminal Bus Batu Ampar  dan Pasar Buton,Rp 1 Miliar,"Batu Ampar, Balikpapan",https://www.rumah123.com//properti/balikpapan/hos15436483/,https://picture.rumah123.com/r123/720x420-crop/house/ho15/15436483/original/hos15436483-rumah-di-jual-di-batu-ampar-balikpapan-1699833050.jpg,2,2,150 m²,150 m²,2,Rumah,SHM - Sertifikat Hak Milik,5500 Watt,,,Tidak,Tidak,Semi Furnished,,,Tidak,,,Tidak,Bagus,Dijual
1275,BALIKPAPAN RUMAH TENGAH KOTA  MURAH,"Rp 1,3 Miliar","Balikpapan Tengah, Balikpapan",https://www.rumah123.com//properti/balikpapan/hos15435524/,https://picture.rumah123.com/r123/720x420-crop/house/ho15/15435524/original/hos15435524-rumah-di-jual-di-balikpapan-tengah-balikpapan-1699793716.jpg,3,2,128 m²,100 m²,,Rumah,SHM - Sertifikat Hak Milik,1300 Watt,,,Tidak,Tidak,,,,Tidak,,,Tidak,,Dijual
1276,RUMAH TIGA KAMAR TIDUR SIAP HUNI DALAM PERUMAHAN TENGAH KOTA BALIKPAPAN,"Rp 1,25 Miliar","Balikpapan Utara, Balikpapan",https://www.rumah123.com//properti/balikpapan/hos15434601/,https://picture.rumah123.com/r123/720x420-crop/house/ho15/15434601/original/hos15434601-rumah-di-jual-di-balikpapan-utara-balikpapan-1699782916.jpg,3,2,210 m²,98 m²,,Rumah,SHM - Sertifikat Hak Milik,900 Watt,,,,,,,,,,,,,Dijual
1277,RUMAH SIAP HUNI DI TENGAH KOTA,Rp 760 Juta,"Balikpapan Selatan, Balikpapan",https://www.rumah123.com//properti/balikpapan/hos14898086/,https://picture.rumah123.com/r123/720x420-crop/house/ho14/14898086/original/hos14898086-rumah-di-jual-di-balikpapan-selatan-balikpapan-1695599901.jpg,4,1,84 m²,120 m²,,Rumah,SHM - Sertifikat Hak Milik,2200 Watt,,,Tidak,Tidak,,,,Tidak,,,Tidak,,Dijual
1278,BALIKPAPAN RUMAH MEWAH KOMPLEKS PERUMAHAN BDI,"Rp 2,85 Miliar","Damai, Balikpapan",https://www.rumah123.com//properti/balikpapan/hos14805138/,https://picture.rumah123.com/r123/720x420-crop/house/ho14/14805138/original/hos14805138-rumah-di-jual-di-damai-balikpapan-1694916226.jpg,5,5,280 m²,226 m²,,Rumah,SHM - Sertifikat Hak Milik,4400 Watt,1,,,,,,,,,,,,Dijual
1279,Dijual cepat Rumah 2 Lantai siap huni di Borneo Paradiso Kalimantan ,Rp 575 Juta,"Balikpapan Selatan, Balikpapan",https://www.rumah123.com//properti/balikpapan/hos14804832/,https://picture.rumah123.com/r123-images/720x420-crop/customer/1865135/2023-09-17-00-23-13-b2875a81-418c-4ecf-adb1-f575f8017657.jpg,2,1,72 m²,100 m²,1,Rumah,SHM - Sertifikat Hak Milik,1300 Watt,,1,Ya,Ya,,2,,Ya,,PAM atau PDAM,Tidak,,Dijual
1280,Rumah dijual cantik ditengah kota balikpapan,Rp 620 Juta,"Prapatan, Balikpapan",https://www.rumah123.com//properti/balikpapan/hos14296889/,https://picture.rumah123.com/r123-images/720x420-crop/customer/1655652/2023-07-23-06-05-43-8bc4ac1f-bf38-4dd6-9caf-a24ea17f12a0.jpg,5,2,153 m²,153 m²,,Rumah,SHM - Sertifikat Hak Milik,2200 Watt,,,Ya,Ya,Unfurnished,1,Pemukiman Warga,Ya,,PAM atau PDAM,Ya,Bagus,Dijual
1281,Rumah  minimalis modern ditengah kota balikpapan. ,Rp 700 Juta,"Balikpapan Selatan, Balikpapan",https://www.rumah123.com//properti/balikpapan/hos13626438/,https://picture.rumah123.com/r123-images/720x420-crop/customer/1655652/2023-05-07-16-58-01-9ae34800-46a6-46c9-b178-66bf6d6f0da8.jpg,3,1,90 m²,72 m²,1,Rumah,SHM - Sertifikat Hak Milik,2200 Watt,,,Ya,Ya,Semi Furnished,1,Pemukiman Warga,Ya,2 Mobil,,Tidak,Bagus,Dijual
1282,Rumah Minimalis Siap Huni Free Biaya,Rp 360 Juta,"Balikpapan Utara, Balikpapan",https://www.rumah123.com//properti/balikpapan/hos13159769/,https://picture.rumah123.com/r123-images/720x420-crop/customer/1355633/2023-03-25-22-58-12-b3e9f9a3-8f0e-4ce8-9d02-fdc6ce727ed8.png,2,1,90 m²,36 m²,1,Rumah,HGB - Hak Guna Bangunan,1300 Watt,,1,Tidak,Ya,Unfurnished,1,Pemukiman Warga,Ya,2 Mobil,PAM atau PDAM,Ya,Baru,Dijual
1284,rumah minimalis  cepat jual  plus perabotan ,Rp 770 Juta,"Balikpapan Selatan, Balikpapan",https://www.rumah123.com//properti/balikpapan/hos12376320/,https://picture.rumah123.com/r123/720x420-crop/house/ho12/12376320/original/hos12376320-rumah-di-jual-di-balikpapan-selatan-balikpapan-1673230244.jpg,2,1,96 m²,45 m²,,Rumah,SHM - Sertifikat Hak Milik,2200 Watt,,,Tidak,Tidak,Furnished,,Pemukiman Warga,Tidak,1 Mobil,PAM atau PDAM,Tidak,Bagus,Dijual
1286,Rumah 2 Lantai 250 Meter Jalan Raya,"Rp 1,06 Miliar","Balikpapan Selatan, Balikpapan",https://www.rumah123.com//properti/balikpapan/hos12516230/,https://picture.rumah123.com/r123-images/720x420-crop/customer/1355633/2023-01-21-11-06-33-6851efc0-f6b0-4833-8713-e5ed6a747358.png,3,2,168 m²,90 m²,1,Rumah,HGB - Hak Guna Bangunan,1300 Watt,,1,Ya,Ya,Unfurnished,2,Perkotaan,Ya,2 Mobil,Sumur Bor,Tidak,Baru,Dijual
1287,Rumah Minimalis Modern Siap Huni,Rp 665 Juta,"Balikpapan Selatan, Balikpapan",https://www.rumah123.com//properti/balikpapan/hos12516326/,https://picture.rumah123.com/r123-images/720x420-crop/customer/1355633/2023-01-21-11-39-23-b1288b4a-30d7-4dbc-8636-73320307fa14.png,2,1,86 m²,43 m²,1,Rumah,SHM - Sertifikat Hak Milik,1300 Watt,,1,Ya,Ya,Unfurnished,1,Pemukiman Warga,Ya,1 Mobil,Sumur Bor,Tidak,Baru,Dijual
1288,rumah mewah full furnished  dekat pusat pembelanjaan,"Rp 2,5 Miliar","Balikpapan Selatan, Balikpapan",https://www.rumah123.com//properti/balikpapan/hos12406801/,https://picture.rumah123.com/r123/720x420-crop/house/ho12/12406801/original/hos12406801-rumah-di-jual-di-balikpapan-selatan-balikpapan-1673402010.jpg,3,2,240 m²,116 m²,1,Rumah,SHM - Sertifikat Hak Milik,1300 Watt,1,,Tidak,Tidak,Furnished,,Pemukiman Warga,Tidak,2 Mobil,PAM atau PDAM,Tidak,Baru,Dijual
1289,rumah minimalis cantik ditengah kota balikpapan,Rp 650 Juta,"Balikpapan Utara, Balikpapan",https://www.rumah123.com//properti/balikpapan/hos12297137/,https://picture.rumah123.com/r123/720x420-crop/house/ho12/12297137/original/hos12297137-rumah-di-jual-di-balikpapan-utara-balikpapan-1672710985.jpg,2,2,90 m²,90 m²,,Rumah,SHM - Sertifikat Hak Milik,1300 Watt,,,Tidak,Tidak,Unfurnished,,Pemukiman Warga,Tidak,1 Mobil,PAM atau PDAM,Tidak,Baru,Dijual
1290,Rumah di Puncak Sepingan SHM,Rp 7 Miliar,"Balikpapan Selatan, Balikpapan",https://www.rumah123.com//properti/balikpapan/hos11604398/,https://picture.rumah123.com/r123-images/720x420-crop/customer/1729095/2022-10-30-12-49-42-4231a884-8bc1-4b92-a5bd-7f41d339a275.jpg,,,600 m²,250 m²,,Rumah,SHM - Sertifikat Hak Milik,2200 Watt,,1,Tidak,Tidak,,1,,Tidak,,PAM atau PDAM,Ya,Bagus,Dijual
1291,Rumah Kost Di Re.Martadina Balikpapan,Rp 950 Juta,"Balikpapan Tengah, Balikpapan",https://www.rumah123.com//properti/balikpapan/hos11604347/,https://picture.rumah123.com/r123-images/720x420-crop/customer/1729095/2022-10-30-12-36-32-f5cdc4c3-404f-489c-b56d-20805cce8743.jpg,,,191 m²,144 m²,,Rumah,SHM - Sertifikat Hak Milik,2200 Watt,,1,Tidak,Tidak,,1,,Tidak,,PAM atau PDAM,Tidak,Bagus,Dijual
1292,"Rumah 2 Lantai Harga Murah, Sepinggan Balikpapan",Rp 975 Juta,"Sepinggan, Balikpapan",https://www.rumah123.com//properti/balikpapan/hos11368456/,https://picture.rumah123.com/r123-images/720x420-crop/customer/1355633/2022-10-09-04-40-06-88447bab-05df-44f9-9fda-cc86e4e43f38.png,4,2,150 m²,160 m²,1,Rumah,SHM - Sertifikat Hak Milik,1300 Watt,,1,Ya,Ya,Unfurnished,2,Pemukiman Warga,Ya,1 Mobil,PAM atau PDAM,Tidak,Baru,Dijual
1293,TURUN HARGA  CEPAT RUMAH DI KAWASAN WIKA,"Rp 1,45 Miliar","Gn. Samarinda, Balikpapan",https://www.rumah123.com//properti/balikpapan/hos11151445/,https://picture.rumah123.com/r123/720x420-crop/house/ho11/11151445/original/hos11151445-rumah-di-jual-di-gn.-samarinda-balikpapan-1679984922.jpg,3,2,211 m²,200 m²,,Rumah,SHM - Sertifikat Hak Milik,2200 Watt,,,Tidak,Tidak,,,,Tidak,,,Tidak,,Dijual
1294,"Rumah Minimalis Dekat Hotel,Masjid Dan Rumah Sakit",Rp 870 Juta,"Balikpapan Utara, Balikpapan",https://www.rumah123.com//properti/balikpapan/hos11151438/,https://picture.rumah123.com/r123/720x420-crop/house/ho11/11151438/original/hos11151438-rumah-di-jual-di-balikpapan-utara-balikpapan-1663517893.jpg,2,1,150 m²,60 m²,1,Rumah,SHM - Sertifikat Hak Milik,1300 Watt,,,Tidak,Tidak,Unfurnished,,Pemukiman Warga,Tidak,1 Mobil,PAM atau PDAM,Tidak,Bagus,Dijual
1295,"BALIKPAPAN,  RUMAH CIPUTRA (C441)","Rp 2,5 Miliar","Balikpapan Selatan, Balikpapan",https://www.rumah123.com//properti/balikpapan/hos10890928/,https://picture.rumah123.com/r123/720x420-crop/house/ho10/10890928/original/hos10890928-rumah-di-jual-di-balikpapan-selatan-balikpapan-1660808970.jpg,4,3,135 m²,180 m²,,Rumah,SHM - Sertifikat Hak Milik,2200 Watt,1,,Tidak,Tidak,,,,Tidak,,,Tidak,,Dijual
1296,PESONA COUNTRY BALIKPAPAN BARU,Rp 3 Miliar,"Balikpapan Selatan, Balikpapan",https://www.rumah123.com//properti/balikpapan/hos10862564/,https://picture.rumah123.com/r123/720x420-crop/house/ho10/10862564/original/hos10862564-rumah-di-jual-di-balikpapan-selatan-balikpapan-1660501223.jpg,5,1,600 m²,240 m²,,Rumah,SHM - Sertifikat Hak Milik,2200 Watt,,,,,,,,,,,,,Dijual
1297,RUMAH TINGKAT 2 DEKAT KAMPUS SWASTA BALIKPAPN,"Rp 1,9 Miliar","Balikpapan Selatan, Balikpapan",https://www.rumah123.com//properti/balikpapan/hos10805944/,https://picture.rumah123.com/r123/720x420-crop/house/ho10/10805944/original/hos10805944-rumah-di-jual-di-balikpapan-selatan-balikpapan-1659916653.jpg,5,2,230 m²,120 m²,,Rumah,SHM - Sertifikat Hak Milik,2200 Watt,1,,,,Unfurnished,,,,,,,Bagus,Dijual
1298,rumah mewah tingkat 2 di hook ditengah kota Balikpapan,"Rp 5,6 Miliar","Balikpapan Baru, Balikpapan",https://www.rumah123.com//properti/balikpapan/hos10645548/,https://picture.rumah123.com/r123-images/720x420-crop/customer/1655652/2022-07-17-08-29-45-e45482a6-a0ff-463f-8d5f-e921600deb83.jpg,12,10,719 m²,800 m²,1,Rumah,SHM - Sertifikat Hak Milik,16500 Watt,,,,,Furnished,2,,,,,,Bagus Sekali,Dijual
1299,Rumah sultan tingkat 3 di perum regency castarica,"Rp 1,4 Miliar","Balikpapan Selatan, Balikpapan",https://www.rumah123.com//properti/balikpapan/hos10645147/,https://picture.rumah123.com/r123-images/720x420-crop/customer/1655652/2022-07-17-06-24-45-9bea043c-cde2-4b4e-a45c-dad8c2194cd8.jpg,3,2,84 m²,170 m²,1,Rumah,SHM - Sertifikat Hak Milik,1300 Watt,,,Tidak,Tidak,Semi Furnished,3,Pemukiman Warga,Tidak,2 Mobil,,Tidak,Bagus Sekali,Dijual
1300,"BALIKPAPAN,  RUMAH CANTIK TENGAH KOTA (Y255)","Rp 1,6 Miliar","Balikpapan Selatan, Balikpapan",https://www.rumah123.com//properti/balikpapan/hos9823819/,https://picture.rumah123.com/r123/720x420-crop/house/ho98/9823819/original/hos9823819-rumah-di-jual-di-balikpapan-selatan-balikpapan-1646612739.jpg,3,2,210 m²,176 m²,,Rumah,SHM - Sertifikat Hak Milik,3500 Watt,,,,,,,,,,,,,Dijual
1301,"BALIKPAPAN,  SEPINGGAN PRATAMA (Y159)","Rp 7,2 Miliar","Sepinggan, Balikpapan",https://www.rumah123.com//properti/balikpapan/hos10101253/,https://picture.rumah123.com/r123/720x420-crop/house/ho10/10101253/original/hos10101253-rumah-di-jual-di-sepinggan-balikpapan-1650328791.jpg,5,4,320 m²,700 m²,,Rumah,SHM - Sertifikat Hak Milik,5500 Watt,,,,,,,,,,,,,Dijual
1302,RUMAH BESAR TENGAH KOTA,Rp 980 Juta,"Klandasan Ulu, Balikpapan",https://www.rumah123.com//properti/balikpapan/hos10193273/,https://picture.rumah123.com/r123/720x420-crop/house/ho10/10193273/original/hos10193273-rumah-di-jual-di-klandasan-ulu-balikpapan-1652018304.jpg,7,4,150 m²,200 m²,,Rumah,SHM - Sertifikat Hak Milik,3500 Watt,,,,,,,,,,,,,Dijual
1303,MEWAH BESAR DALAM CLUSTER,"Rp 5,5 Miliar","Balikpapan Tengah, Balikpapan",https://www.rumah123.com//properti/balikpapan/hos9433064/,https://picture.rumah123.com/r123/720x420-crop/house/ho94/9433064/original/hos9433064-rumah-di-jual-di-balikpapan-tengah-balikpapan-1703831462.jpg,4,4,475 m²,385 m²,,Rumah,SHM - Sertifikat Hak Milik,7700 Watt,,,,,,,,,,,,,Dijual
1304,BALIKPAPAN RUMAH RINGROAD PADAT PENDUDUK ( Y310),Rp 980 Juta,"Balikpapan Selatan, Balikpapan",https://www.rumah123.com//properti/balikpapan/hos9031561/,https://picture.rumah123.com/r123/720x420-crop/house/ho90/9031561/original/hos9031561-rumah-di-jual-di-balikpapan-selatan-balikpapan-1634821574.jpg,2,2,135 m²,135 m²,,Rumah,SHM - Sertifikat Hak Milik,900 Watt,,,,,,,,,,,,,Dijual
1305,Rumah Baru Minimalis SHM Free Biaya,Rp 410 Juta,"Balikpapan Utara, Balikpapan",https://www.rumah123.com//properti/balikpapan/hos8667075/,https://picture.rumah123.com/r123/720x420-crop/house/ho86/8667075/original/hos8667075-rumah-di-jual-di-balikpapan-utara-balikpapan-1628411670876.jpg,2,1,84 m²,40 m²,1,Rumah,SHM - Sertifikat Hak Milik,1300 Watt,,1,Tidak,Ya,Unfurnished,1,Pemukiman Warga,Ya,,PAM atau PDAM,Ya,Baru,Dijual
1306,Rumah di Kompleks Balikpapan Baru Full Furnished,Rp 4 Miliar,"Balikpapan Selatan, Balikpapan",https://www.rumah123.com//properti/balikpapan/hos6478937/,https://picture.rumah123.com/r123/720x420-crop/house/ho64/6478937/original/hos6478937-rumah-di-jual-di-balikpapan-selatan-balikpapan-15878610012584.jpg,3,2,250 m²,300 m²,,Rumah,SHM - Sertifikat Hak Milik,,,,,,Furnished,1,,,,,,Bagus,Dijual
1307,Rumah mewah plus isi Fully Furnished,"Rp 3,25 Miliar","Balikpapan Selatan, Balikpapan",https://www.rumah123.com//properti/balikpapan/hos6478936/,https://picture.rumah123.com/r123/720x420-crop/house/ho64/6478936/original/hos6478936-rumah-di-jual-di-balikpapan-selatan-balikpapan-15878609131446.jpg,3,3,230 m²,293 m²,,Rumah,SHM - Sertifikat Hak Milik,,1,,,,Furnished,1,,,,,,Bagus Sekali,Dijual
1308,Rumah mewah fully furnished tengah kota,Rp 15 Miliar,"Balikpapan Tengah, Balikpapan",https://www.rumah123.com//properti/balikpapan/hos5628335/,https://picture.rumah123.com/r123/720x420-crop/house/ho56/5628335/original/hos5628335-rumah-di-jual-di-balikpapan-tengah-balikpapan-15758010367373.jpg,3,3,500 m²,750 m²,,Rumah,SHM - Sertifikat Hak Milik,,1,,,,Furnished,1,,,,,,Bagus,Dijual
1309,Rumah cantik tengah kota lengkap isi,Rp 15 Miliar,"Balikpapan Tengah, Balikpapan",https://www.rumah123.com//properti/balikpapan/hos5587579/,https://picture.rumah123.com/r123/720x420-crop/house/ho55/5587579/original/hos5587579-rumah-di-jual-di-balikpapan-tengah-balikpapan-15751953661827.jpg,4,4,500 m²,750 m²,,Rumah,SHM - Sertifikat Hak Milik,,1,,,,Furnished,1,,,,,,Bagus,Dijual
1310,Rumah murah di kota balikpapan,Rp 245 Juta,"Balikpapan Timur, Balikpapan",https://www.rumah123.com//properti/balikpapan/hos16185740/,https://picture.rumah123.com/r123-images/720x420-crop/customer/1440984/2024-01-27-07-04-23-6c2e54df-82bd-49c0-b8e1-d31f9e7a131c.jpg,2,1,72 m²,36 m²,1,Rumah,HGB - Hak Guna Bangunan,1300 Watt,,1,Ya,Ya,Unfurnished,1,Perkotaan,Ya,2 Mobil,Sumur Bor,Ya,Baru,Dijual
1311,"Rumah Modern Siap Huni 2 Lantai, Family Type","Rp 15,5 Miliar","Balikpapan Kota, Balikpapan",https://www.rumah123.com//properti/balikpapan/hos16183222/,https://picture.rumah123.com/r123-images/720x420-crop/customer/1928965/2024-01-27-03-32-52-0921653b-7110-468f-9afe-4d31329463ed.jpg,4,2,946 m²,298 m²,2,Rumah,SHM - Sertifikat Hak Milik,,,1,Ya,Ya,Unfurnished,2,Perkotaan,Ya,3 Mobil,PAM atau PDAM,Tidak,Bagus,Dijual
1312,Rumah Mewah Bagus 2 Lantai SHM ,Rp 7 Miliar,"Balikpapan Selatan, Balikpapan",https://www.rumah123.com//properti/balikpapan/hos16112247/,https://picture.rumah123.com/r123-images/720x420-crop/customer/1928965/2024-01-20-06-56-33-96b07ccb-6cb0-4ba3-a287-e93084b3420c.jpg,5,4,310 m²,360 m²,1,Rumah,SHM - Sertifikat Hak Milik,5500 Watt,1,1,Ya,Ya,Semi Furnished,2,Pemukiman Warga,Ya,2 Mobil,PAM atau PDAM,Tidak,Bagus,Dijual
1313,"BALIKPAPAN, RUMAH CANTIK FULL FURNISH (Y359)","Rp 2,4 Miliar","Damai, Balikpapan",https://www.rumah123.com//properti/balikpapan/hos16108634/,https://picture.rumah123.com/r123/720x420-crop/house/ho16/16108634/original/hos16108634-rumah-di-jual-di-damai-balikpapan-1705709528.jpg,2,3,144 m²,250 m²,,Rumah,HGB - Hak Guna Bangunan,2200 Watt,,,,,,,,,,,,,Dijual
1314,BALIKPAPAN PERUM BATU AMPAR,Rp 800 Juta,"Batu Ampar, Balikpapan",https://www.rumah123.com//properti/balikpapan/hos16108617/,https://picture.rumah123.com/r123/720x420-crop/house/ho16/16108617/original/hos16108617-rumah-di-jual-di-batu-ampar-balikpapan-1705709282.jpg,2,2,147 m²,60 m²,,Rumah,SHM - Sertifikat Hak Milik,2200 Watt,,,,,,,,,,,,,Dijual
1315,BALIKPAPAN RUMAH TENGAH KOTA,Rp 600 Juta,"Balikpapan Selatan, Balikpapan",https://www.rumah123.com//properti/balikpapan/hos16108603/,https://picture.rumah123.com/r123/720x420-crop/house/ho16/16108603/original/hos16108603-rumah-di-jual-di-balikpapan-selatan-balikpapan-1705709085.jpg,2,1,72 m²,49 m²,,Rumah,SHM - Sertifikat Hak Milik,1300 Watt,,,Tidak,Tidak,,,,Tidak,,,Tidak,,Dijual
1316,Rumah Mewah Di Balikpapan,"Rp 2,8 Miliar","Balikpapan Selatan, Balikpapan",https://www.rumah123.com//properti/balikpapan/hos16038098/,https://picture.rumah123.com/r123-images/720x420-crop/customer/1746082/2024-01-13-10-01-19-272d2ddd-f40c-4b03-b1ff-b09b3cf67c14.jpg,4,2,221 m²,180 m²,2,Rumah,SHM - Sertifikat Hak Milik,5500 Watt,1,1,Ya,Ya,Furnished,2,Perkotaan,Ya,4 Mobil,PAM atau PDAM,Tidak,Bagus,Dijual
1317,RUMAH BESAR PINGGIR JALAN BESAR,Rp 125 Juta,"Klandasan Ulu, Balikpapan",https://www.rumah123.com//properti/balikpapan/hos16037721/,https://picture.rumah123.com/r123/720x420-crop/house/ho16/16037721/original/hos16037721-rumah-di-jual-di-klandasan-ulu-balikpapan-1705136301.jpg,7,3,435 m²,298 m²,,Rumah,SHM - Sertifikat Hak Milik,10600 Watt,,,Tidak,Tidak,,,,Tidak,,,Tidak,,Dijual
1318,RUMAH MINIMALIS SIAP HUNI DI PERUMAHAN BORNEO PARADISO,"Rp 1,25 Miliar","Balikpapan Selatan, Balikpapan",https://www.rumah123.com//properti/balikpapan/hos16033287/,https://picture.rumah123.com/r123/720x420-crop/house/ho16/16033287/original/hos16033287-rumah-di-jual-di-balikpapan-selatan-balikpapan-1705108370.jpg,3,2,120 m²,115 m²,,Rumah,SHM - Sertifikat Hak Milik,1300 Watt,,,Tidak,Tidak,,,,Tidak,,,Tidak,,Dijual
1319,RUMAH FULL FURNISH DIBALIKPAPAN BARU,"Rp 2,5 Miliar","Damai, Balikpapan",https://www.rumah123.com//properti/balikpapan/hos15967276/,https://picture.rumah123.com/r123/720x420-crop/house/ho15/15967276/original/hos15967276-rumah-di-jual-di-damai-balikpapan-1704524579.jpg,4,3,160 m²,160 m²,,Rumah,HGB - Hak Guna Bangunan,4400 Watt,,,,,,,,,,,,,Dijual
1320,Rumah siap huni di daerah Telaga Sari,Rp 775 Juta,"Telaga Sari, Balikpapan",https://www.rumah123.com//properti/balikpapan/hos15915382/,https://picture.rumah123.com/r123/720x420-crop/house/ho15/15915382/original/hos15915382-rumah-di-jual-di-telaga-sari-balikpapan-1703919666.jpg,3,1,270 m²,110 m²,,Rumah,SHM - Sertifikat Hak Milik,1300 Watt,,,,,,,,,,,,,Dijual
1321," Rumah Luas, Nyaman, dan Bagus di Batu Ampar 2 Lantai SHM","Rp 5,1 Miliar","Balikpapan Utara, Balikpapan",https://www.rumah123.com//properti/balikpapan/hos15913192/,https://picture.rumah123.com/r123-images/720x420-crop/customer/1928965/2023-12-30-02-01-08-5dcca61b-5d78-46f1-8b54-87a50204c327.jpg,5,6,770 m²,350 m²,,Rumah,SHM - Sertifikat Hak Milik,19000 Watt,,1,Ya,Ya,Semi Furnished,2,Pemukiman Warga,Ya,2 Mobil,PAM atau PDAM,Tidak,Bagus,Dijual
1322, Rumah Bagus Dekat Masjid di Balikpapan Baru,"Rp 3,3 Miliar","Balikpapan Selatan, Balikpapan",https://www.rumah123.com//properti/balikpapan/hos15863829/,https://picture.rumah123.com/r123-images/720x420-crop/customer/1928965/2023-12-23-08-57-37-46a9dbba-89b1-4484-b7b4-25277359eee2.jpg,3,3,180 m²,120 m²,1,Rumah,HGB - Hak Guna Bangunan,3500 Watt,1,1,Ya,Ya,Unfurnished,2,Pemukiman Warga,Ya,2 Mobil,PAM atau PDAM,Tidak,Bagus,Dijual
1323,DIBAWAH HARGA STANDAR RUMAH BESAR DIPERUMAHAN ELIT BALIKPAPAN,"Rp 2,95 Miliar","Balikpapan Utara, Balikpapan",https://www.rumah123.com//properti/balikpapan/hos15862486/,https://picture.rumah123.com/r123/720x420-crop/house/ho15/15862486/original/hos15862486-rumah-di-jual-di-balikpapan-utara-balikpapan-1703312240.jpg,6,4,300 m²,289 m²,,Rumah,SHM - Sertifikat Hak Milik,10600 Watt,,,,,,,,,,,,,Dijual
1324,"RUMAH SIAP HUNI DI TAMAN SARI BUKIT MUTIARA, WIKA BALIKPAPAN",Rp 900 Juta,"Balikpapan Utara, Balikpapan",https://www.rumah123.com//properti/balikpapan/hos15859832/,https://picture.rumah123.com/r123/720x420-crop/house/ho15/15859832/original/hos15859832-rumah-di-jual-di-balikpapan-utara-balikpapan-1703292879.jpg,2,2,120 m²,110 m²,,Rumah,SHM - Sertifikat Hak Milik,2200 Watt,,,,,,,,,,,,,Dijual
1325,Rumah Minimalis Dekat Kawasan Ikn Fasilitas Lengkap,Rp 250 Juta,"Balikpapan Utara, Balikpapan",https://www.rumah123.com//properti/balikpapan/hos15803804/,https://picture.rumah123.com/r123-images/720x420-crop/customer/1939342/2023-12-16-07-39-27-f426fb44-2ca4-479d-b83e-ace9e3cf1850.jpg,2,1,60 m²,38 m²,1,Rumah,HGB - Hak Guna Bangunan,1300 Watt,,1,Ya,Ya,Semi Furnished,1,Pemukiman Warga,Ya,2 Mobil,Sumur Bor,Tidak,Baru,Dijual
1326,Rumah Minimalis Jalan Luas Fasilitas Lengkap Dekat Kawasan Ikn,Rp 375 Juta,"Balikpapan Utara, Balikpapan",https://www.rumah123.com//properti/balikpapan/hos15803187/,https://picture.rumah123.com/r123-images/720x420-crop/customer/1939342/2023-12-16-06-41-12-2286fbbd-a9a0-47ee-9b7f-362ed2e380e1.jpg,2,1,70 m²,50 m²,1,Rumah,HGB - Hak Guna Bangunan,1300 Watt,,,Tidak,Ya,Semi Furnished,1,Pemukiman Warga,Ya,3 Mobil,Sumur Bor,Tidak,Baru,Dijual
1327,"Dijual Rumah Besar Bagus di Batakan, Balikpapan","Rp 1,3 Miliar","Batakan, Balikpapan",https://www.rumah123.com//properti/balikpapan/hos15803108/,https://picture.rumah123.com/r123-images/720x420-crop/customer/1928965/2023-12-16-06-33-26-97085744-c852-48b0-8c31-de091e4b5ee7.jpg,4,2,135 m²,108 m²,,Rumah,SHM - Sertifikat Hak Milik,2200 Watt,,1,Ya,Ya,Unfurnished,1,Pemukiman Warga,Ya,2 Mobil,PAM atau PDAM,Tidak,Bagus,Dijual
1328,Rumah Baru Pojok Hadap Timur Siap Huni,Rp 2 Miliar,"Balikpapan Selatan, Balikpapan",https://www.rumah123.com//properti/balikpapan/hos13981509/,https://picture.rumah123.com/r123-images/720x420-crop/customer/29766/2023-06-12-04-09-08-d6ee137c-b09c-4666-8060-126efa7b2d8c.jpg,,,220 m²,100 m²,,Rumah,SHM - Sertifikat Hak Milik,2200 Watt,,,Tidak,Tidak,,1,,Tidak,,PAM atau PDAM,Ya,,Dijual
1329,RUMAH SIAP HUNI TENGAH KOTA PERUMAHAN ELIT BUKIT DAMAI INDAH BALIKPAPAN KAL-TIM,"Rp 1,25 Miliar","Balikpapan Utara, Balikpapan",https://www.rumah123.com//properti/balikpapan/hos15735733/,https://picture.rumah123.com/r123/720x420-crop/house/ho15/15735733/original/hos15735733-rumah-di-jual-di-balikpapan-utara-balikpapan-1702088678.jpg,3,2,144 m²,100 m²,1,Rumah,SHM - Sertifikat Hak Milik,1300 Watt,1,1,Tidak,Tidak,,,Pemukiman Warga,Ya,2 Mobil,PAM atau PDAM,Tidak,Bagus,Dijual
1330,Rumah minimalist di perumahan Gumilang BJBJ,Rp 650 Juta,"Balikpapan Selatan, Balikpapan",https://www.rumah123.com//properti/balikpapan/hos15652209/,https://picture.rumah123.com/r123/720x420-crop/house/ho15/15652209/original/hos15652209-rumah-di-jual-di-balikpapan-selatan-balikpapan-1701478705.jpg,2,1,91 m²,54 m²,1,Rumah,SHM - Sertifikat Hak Milik,2200 Watt,,,Ya,Ya,Semi Furnished,,Pemukiman Warga,Tidak,2 Mobil,,Tidak,Bagus,Dijual
1331,RUMAH CANTIK 2 LANTAI SIAP HUNI GRAND CITY BALIKPAPAN KAL-TIM,"Rp 1,1 Miliar","Balikpapan Utara, Balikpapan",https://www.rumah123.com//properti/balikpapan/hos15652170/,https://picture.rumah123.com/r123/720x420-crop/house/ho15/15652170/original/hos15652170-rumah-di-jual-di-balikpapan-utara-balikpapan-1701477576.jpg,2,2,60 m²,47 m²,,Rumah,"Lainnya (PPJB,Girik,Adat,dll)",1300 Watt,,1,Tidak,Tidak,Unfurnished,2,Pemukiman Warga,Ya,2 Mobil,,Tidak,Bagus,Dijual
1332,"RUMAH BARU SIAP HUNI SUMBER REJO, BALIKPAPAN KAL-TIM",Rp 799 Juta,"Sumber Rejo, Balikpapan",https://www.rumah123.com//properti/balikpapan/hos15652163/,https://picture.rumah123.com/r123/720x420-crop/house/ho15/15652163/original/hos15652163-rumah-di-jual-di-sumber-rejo-balikpapan-1701477504.jpg,3,3,125 m²,135 m²,,Rumah,SHM - Sertifikat Hak Milik,1300 Watt,,1,Tidak,Tidak,Unfurnished,2,Pemukiman Warga,Tidak,,Sumur Bor,Tidak,Baru,Dijual
1333,"RUMAH MEWAH 2 LANTAI SIAP HUNI, PERUSDA SEPINGGAN BARU BALIKPAPAN KAL-TIM",Rp 4 Miliar,"Balikpapan Selatan, Balikpapan",https://www.rumah123.com//properti/balikpapan/hos15652153/,https://picture.rumah123.com/r123/720x420-crop/house/ho15/15652153/original/hos15652153-rumah-di-jual-di-balikpapan-selatan-balikpapan-1701477402.jpg,5,5,250 m²,304 m²,2,Rumah,SHM - Sertifikat Hak Milik,5500 Watt,,1,Tidak,Tidak,,2,Pemukiman Warga,Tidak,2 Mobil,,Tidak,Baru,Dijual
1334,FULLY FURNISHED RUMAH  CONTOH *NEW LYCHEE* 2 LANTAI DAUN VILLAGE BALIKPAPAN KAL-TIM,"Rp 2,5 Miliar","Balikpapan Selatan, Balikpapan",https://www.rumah123.com//properti/balikpapan/hos15652084/,https://picture.rumah123.com/r123/720x420-crop/house/ho15/15652084/original/hos15652084-rumah-di-jual-di-balikpapan-selatan-balikpapan-1701476428.jpg,3,2,240 m²,116 m²,,Rumah,HGB - Hak Guna Bangunan,1300 Watt,1,1,Tidak,Tidak,,2,Pemukiman Warga,Ya,2 Mobil,,Tidak,Baru,Dijual
1335,RUMAH SIAP HUNI HOOK  FULLY FURNISHED PERUMAHAN TAMAN SARI  BUKIT MUTIARA (WIKA) BALIKPAPAN KAL-TIM,"Rp 1,8 Miliar","Balikpapan Utara, Balikpapan",https://www.rumah123.com//properti/balikpapan/hos15652045/,https://picture.rumah123.com/r123/720x420-crop/house/ho15/15652045/original/hos15652045-rumah-di-jual-di-balikpapan-utara-balikpapan-1701475688.jpg,2,2,170 m²,120 m²,1,Rumah,HGB - Hak Guna Bangunan,4400 Watt,1,1,Tidak,Tidak,,1,Pemukiman Warga,Tidak,2 Mobil,Sumur Bor,Ya,Bagus,Dijual
1336,TANAH DAN BANGUNAN STRATEGIS PINGGIR JALAN RAYA  MARTADINATA BALIKPAPAN KAL-TIM,"Rp 2,9 Miliar","Balikpapan Tengah, Balikpapan",https://www.rumah123.com//properti/balikpapan/hos15652036/,https://picture.rumah123.com/r123/720x420-crop/house/ho15/15652036/original/hos15652036-rumah-di-jual-di-balikpapan-tengah-balikpapan-1701475490.jpg,5,2,312 m²,200 m²,2,Rumah,SHM - Sertifikat Hak Milik,2200 Watt,,1,Tidak,Tidak,Unfurnished,2,Perkotaan,Ya,2 Mobil,,Tidak,Bagus,Dijual
1337,RUMAH MEWAH HARGA MINIMALIS BALIKPAPAN,"Rp 2,4 Miliar","Balikpapan Tengah, Balikpapan",https://www.rumah123.com//properti/balikpapan/hos15583046/,https://picture.rumah123.com/r123/720x420-crop/house/ho15/15583046/original/hos15583046-rumah-di-jual-di-balikpapan-tengah-balikpapan-1700893353.jpg,4,4,288 m²,288 m²,,Rumah,SHM - Sertifikat Hak Milik,2200 Watt,,,,,,,,,,,,,Dijual
1338,RUMAH  GRANDCITY CLUSTER NORDVILLE BALIKPAPAN GERBANG IKN,"Rp 2,23 Miliar","Balikpapan Utara, Balikpapan",https://www.rumah123.com//properti/balikpapan/hos15579825/,https://picture.rumah123.com/r123/720x420-crop/house/ho15/15579825/original/hos15579825-rumah-di-jual-di-balikpapan-utara-balikpapan-1700871029.jpg,3,2,120 m²,117 m²,,Rumah,HGB - Hak Guna Bangunan,2200 Watt,,1,Tidak,Tidak,,2,Pemukiman Warga,Ya,2 Mobil,,Tidak,Baru,Dijual
1339,RUMAH SIAP HUNI SATU LANTAI DENGAN DESAIN MINIMALIS LOKASI AMAN DAN NYAMAN,"Rp 1,5 Miliar","Balikpapan Utara, Balikpapan",https://www.rumah123.com//properti/balikpapan/hos15429835/,https://picture.rumah123.com/r123/720x420-crop/house/ho15/15429835/original/hos15429835-rumah-di-jual-di-balikpapan-utara-balikpapan-1699693942.jpg,4,4,220 m²,200 m²,,Rumah,SHM - Sertifikat Hak Milik,2200 Watt,1,,Tidak,Tidak,,,,Tidak,,,Tidak,,Dijual
1340,RUMAH BARU DI BANGUN TANPA INDEN DI KARTINI RESIDENCE,Rp 800 Juta,"Gunung Bahagia, Balikpapan",https://www.rumah123.com//properti/balikpapan/hos15428321/,https://picture.rumah123.com/r123/720x420-crop/house/ho15/15428321/original/hos15428321-rumah-di-jual-di-gunung-bahagia-balikpapan-1699684325.jpg,2,1,120 m²,63 m²,,Rumah,"Lainnya (PPJB,Girik,Adat,dll)",1300 Watt,,,,,,,,,,,,,Dijual
1341,RUMAH BARU DI BANGUN TANPA INDEN DI KARTINI RESIDENCE,Rp 800 Juta,"Gunung Bahagia, Balikpapan",https://www.rumah123.com//properti/balikpapan/hos15428320/,https://picture.rumah123.com/r123/720x420-crop/house/ho15/15428320/original/hos15428320-rumah-di-jual-di-gunung-bahagia-balikpapan-1699684325.jpg,2,1,120 m²,63 m²,,Rumah,"Lainnya (PPJB,Girik,Adat,dll)",1300 Watt,,,,,,,,,,,,,Dijual
1342,RUMAH SIAP HUNI SATU LANTAI SEMI FURNISH DENGAN DESAIN MINIMALIS LOKASI AMAN DAN NYAMAN,"Rp 1,2 Miliar","Balikpapan Utara, Balikpapan",https://www.rumah123.com//properti/balikpapan/hos15427783/,https://picture.rumah123.com/r123/720x420-crop/house/ho15/15427783/original/hos15427783-rumah-di-jual-di-balikpapan-utara-balikpapan-1699680857.jpg,2,2,78 m²,47 m²,,Rumah,SHM - Sertifikat Hak Milik,1300 Watt,,,Tidak,Tidak,,,,Tidak,,,Tidak,,Dijual
1343,RUMAH SIAP HUNI SATU LANTAI DENGAN DESING MINIMALIS LOKASI AMAN DAN NYAMAN,"Rp 1,5 Miliar","Balikpapan Utara, Balikpapan",https://www.rumah123.com//properti/balikpapan/hos15427643/,https://picture.rumah123.com/r123/720x420-crop/house/ho15/15427643/original/hos15427643-rumah-di-jual-di-balikpapan-utara-balikpapan-1699680047.jpg,4,4,220 m²,200 m²,,Rumah,SHM - Sertifikat Hak Milik,2200 Watt,1,,Tidak,Tidak,,,,Tidak,,,Tidak,,Dijual
1344,RUMAH COZY DI ALZEN RESIDENCE MT. HARYONO,Rp 700 Juta,"Balikpapan Selatan, Balikpapan",https://www.rumah123.com//properti/balikpapan/hos15426605/,https://picture.rumah123.com/r123/720x420-crop/house/ho15/15426605/original/hos15426605-rumah-di-jual-di-balikpapan-selatan-balikpapan-1699674880.jpg,2,1,96 m²,60 m²,,Rumah,SHM - Sertifikat Hak Milik,1300 Watt,,,,,,,,,,,,,Dijual
1345,Jual Cepat Hotel Menara Bahtera Di Kalimantan Timur,Rp 300 Miliar,"Balikpapan Timur, Balikpapan",https://www.rumah123.com//properti/balikpapan/hos15358231/,https://picture.rumah123.com/r123-images/720x420-crop/customer/1198999/2023-11-04-07-49-24-7f3b58df-0c42-4129-a5a7-07797e25c192.jpg,99,99,5363 m²,32835 m²,,Rumah,HGB - Hak Guna Bangunan,,,,Ya,Ya,Furnished,19,Perkotaan,Ya,2 Mobil,Sumur Galian,Tidak,Bagus,Dijual
1346,BALIKPAPAN RUMAH NYAMAN TANAH LUAS DENGAN 4 KT DI BALIKPAPAN BARU (LM353),"Rp 3,5 Miliar","Balikpapan Selatan, Balikpapan",https://www.rumah123.com//properti/balikpapan/hos15355941/,https://picture.rumah123.com/r123-images/720x420-crop/customer/1507995/2023-11-19-14-20-11-f2f09f00-8ab9-44e3-8306-f40d52893618.jpg,4,3,200 m²,200 m²,,Rumah,SHM - Sertifikat Hak Milik,5500 Watt,,,Tidak,Tidak,,,,Tidak,,,Tidak,,Dijual
1347,355 Balikpapan Baru Rumah Nyaman Pojokan Dengan 4 Kamar Tidur,"Rp 3,5 Miliar","Balikpapan Selatan, Balikpapan",https://www.rumah123.com//properti/balikpapan/hos15355940/,https://picture.rumah123.com/r123-images/720x420-crop/customer/1737807/2023-11-17-09-37-54-b3d17096-18f1-47bd-8b83-0d4618343d7a.jpg,4,3,200 m²,200 m²,,Rumah,SHM - Sertifikat Hak Milik,5500 Watt,,,Tidak,Tidak,,,,Tidak,,,Tidak,,Dijual
1348,"RUMAH BARU 2 LANTAI DEKAT BALIKPAPAN BARU, TENGAH KOTA BALIKPAPAN","Rp 1,01 Miliar","Balikpapan Tengah, Balikpapan",https://www.rumah123.com//properti/balikpapan/hos15354164/,https://picture.rumah123.com/r123/720x420-crop/house/ho15/15354164/original/hos15354164-rumah-di-jual-di-balikpapan-tengah-balikpapan-1699058289.jpg,3,3,108 m²,60 m²,1,Rumah,SHM - Sertifikat Hak Milik,1300 Watt,,1,Tidak,Tidak,Unfurnished,2,Pemukiman Warga,Ya,2 Mobil,,Tidak,Baru,Dijual
1349,Rumah cantik minimalis 2 lantai di grandcity,"Rp 3,3 Miliar","Balikpapan Selatan, Balikpapan",https://www.rumah123.com//properti/balikpapan/hos15196859/,https://picture.rumah123.com/r123-images/720x420-crop/customer/1730302/2023-10-21-02-46-06-682b42d1-efd8-4e7c-a69c-1fcaddc2e183.jpg,,,220 m²,191 m²,,Rumah,SHM - Sertifikat Hak Milik,2200 Watt,,,Tidak,Tidak,,1,,Tidak,,PAM atau PDAM,Tidak,Bagus,Dijual
1350,Rumah minimalis 1 lantai di borneo paradiso,"Rp 1,2 Miliar","Balikpapan Timur, Balikpapan",https://www.rumah123.com//properti/balikpapan/hos15196744/,https://picture.rumah123.com/r123-images/720x420-crop/customer/1730302/2023-10-21-02-19-26-e9dbe7b6-bc4a-46eb-9fbb-05b04901ab3d.jpg,,,162 m²,70 m²,,Rumah,HGB - Hak Guna Bangunan,2200 Watt,,,Tidak,Tidak,,1,,Tidak,,PAM atau PDAM,Tidak,Bagus,Dijual
1351,RUMAH SATU LANTAI SIAP HUNI DI PERUMAHAN WIKA,"Rp 2,8 Miliar","Balikpapan Utara, Balikpapan",https://www.rumah123.com//properti/balikpapan/hos15196204/,https://picture.rumah123.com/r123/720x420-crop/house/ho15/15196204/original/hos15196204-rumah-di-jual-di-balikpapan-utara-balikpapan-1697852162.jpg,3,2,311 m²,225 m²,,Rumah,SHM - Sertifikat Hak Milik,3500 Watt,1,,,,,,,,,,,,Dijual
1352,BALIKPAPAN PERUMAHAN REGENCY,Rp 700 Juta,"Balikpapan Selatan, Balikpapan",https://www.rumah123.com//properti/balikpapan/hos15122378/,https://picture.rumah123.com/r123/720x420-crop/house/ho15/15122378/original/hos15122378-rumah-di-jual-di-balikpapan-selatan-balikpapan-1697267108.jpg,3,2,72 m²,100 m²,,Rumah,SHM - Sertifikat Hak Milik,1300 Watt,,,Tidak,Tidak,,,,Tidak,,,Tidak,,Dijual
1353,Rumah siap Huni di dekat IKN,Rp 600 Juta,"Balikpapan Utara, Balikpapan",https://www.rumah123.com//properti/balikpapan/hos15121981/,https://picture.rumah123.com/r123-images/720x420-crop/customer/1440984/2023-10-14-06-27-08-01594a73-5bad-44b8-b07d-897a938fecc3.jpg,2,1,150 m²,45 m²,,Rumah,SHM - Sertifikat Hak Milik,1300 Watt,,,Ya,Tidak,Semi Furnished,1,Perkotaan,Ya,2 Mobil,,Ya,Baru,Dijual
1354,BALIKPAPAN PERUMAHAN REGENCY RESIDENT,"Rp 1,1 Miliar","Balikpapan Selatan, Balikpapan",https://www.rumah123.com//properti/balikpapan/hos15119756/,https://picture.rumah123.com/r123/720x420-crop/house/ho15/15119756/original/hos15119756-rumah-di-jual-di-balikpapan-selatan-balikpapan-1697253619.jpg,3,2,120 m²,120 m²,,Rumah,SHM - Sertifikat Hak Milik,2200 Watt,,,Tidak,Tidak,,,,Tidak,,,Tidak,,Dijual
1355,RUMAH DI PINGGIR JALAN MANGGA DAN MARTADINATA STRATEGIS TEMPAT USAHA,"Rp 1,9 Miliar","Balikpapan Tengah, Balikpapan",https://www.rumah123.com//properti/balikpapan/hos15032767/,https://picture.rumah123.com/r123/720x420-crop/house/ho15/15032767/original/hos15032767-rumah-di-jual-di-balikpapan-tengah-balikpapan-1696639616.jpg,5,4,214 m²,300 m²,,Rumah,SHM - Sertifikat Hak Milik,2200 Watt,,,,,,,,,,,,,Dijual
1356,Rumah Mewah Balikpapan Baru Hook Nyaman dan Aura Positif 042JR,"Rp 7,5 Miliar","Balikpapan Baru, Balikpapan",https://www.rumah123.com//properti/balikpapan/hos14959761/,https://picture.rumah123.com/r123-images/720x420-crop/customer/1430095/2023-09-30-09-21-08-325bc7c4-6718-4401-a898-79b3c89dfd2b.jpg,3,2,300 m²,300 m²,1,Rumah,SHM - Sertifikat Hak Milik,6600 Watt,1,1,Ya,Ya,Furnished,2,,Ya,3 Mobil,,Ya,Bagus,Dijual
1357,Rumah Asri Balikpapan Strategis Dekat Polda dan Bandara 005PKR,Rp 500 Juta,"Balikpapan Selatan, Balikpapan",https://www.rumah123.com//properti/balikpapan/hos14889231/,https://picture.rumah123.com/r123-images/720x420-crop/customer/1430095/2023-09-23-07-19-10-84772e1a-d16c-424a-b2e3-36fc25036da0.jpg,2,1,84 m²,42 m²,,Rumah,HGB - Hak Guna Bangunan,1300 Watt,,,Tidak,Tidak,Unfurnished,1,,Tidak,,Sumur Galian,Tidak,Baru,Dijual
1358,Rumah Modern Strategis Dekat Balikpapan Baru Pusat Kota 004PPK,Rp 807 Juta,"Balikpapan Selatan, Balikpapan",https://www.rumah123.com//properti/balikpapan/hos14887761/,https://picture.rumah123.com/r123-images/720x420-crop/customer/1430095/2023-09-23-05-34-44-f4bfe583-025e-4544-b491-4c844411c215.jpg,,,90 m²,50 m²,1,Rumah,HGB - Hak Guna Bangunan,2200 Watt,,,Tidak,Tidak,,1,,Ya,2 Mobil,PAM atau PDAM,Tidak,Baru,Dijual
1359,Rumah Modern Strategis Dekat Balikpapan Baru Pusat Kota 004PPK,Rp 807 Juta,"Balikpapan Selatan, Balikpapan",https://www.rumah123.com//properti/balikpapan/hos14887733/,https://picture.rumah123.com/r123/720x420-crop/house/ho14/14887733/original/hos14887733-rumah-di-jual-di-balikpapan-selatan-balikpapan-1695447145.jpg,3,2,90 m²,50 m²,,Rumah,HGB - Hak Guna Bangunan,2200 Watt,,,Tidak,Tidak,,,,Tidak,,,Tidak,,Dijual
1360,Rumah tingkat 2 di Perum Kaliandra balikpapan,Rp 850 Juta,"Balikpapan Utara, Balikpapan",https://www.rumah123.com//properti/balikpapan/hos14882632/,https://picture.rumah123.com/r123/720x420-crop/house/ho14/14882632/original/hos14882632-rumah-di-jual-di-balikpapan-utara-balikpapan-1695427798.jpg,3,3,144 m²,140 m²,2,Rumah,SHM - Sertifikat Hak Milik,3500 Watt,,,Tidak,Tidak,Unfurnished,2,Pemukiman Warga,Tidak,3 Mobil,,Tidak,Bagus,Dijual
1361,RUMAH GAYA MEDITERANIA 2 LANTAI SIAP HUNI FULL FURNISH LOKASI BALIKPAPAN BARU,"Rp 2,75 Miliar","Balikpapan Baru, Balikpapan",https://www.rumah123.com//properti/balikpapan/hos14802926/,https://picture.rumah123.com/r123/720x420-crop/house/ho14/14802926/original/hos14802926-rumah-di-jual-di-balikpapan-baru-balikpapan-1694861770.jpg,5,4,200 m²,298 m²,,Rumah,SHM - Sertifikat Hak Milik,6600 Watt,2,,Tidak,Tidak,,,,Tidak,,,Tidak,,Dijual
1362,RUMAH SIAP HUNI LOKASI BALIKPAPAN BARU BEBAS BANJIR TEMPAT AMAN DAN NYAMAN,"Rp 4,5 Miliar","Balikpapan Baru, Balikpapan",https://www.rumah123.com//properti/balikpapan/hos14802910/,https://picture.rumah123.com/r123/720x420-crop/house/ho14/14802910/original/hos14802910-rumah-di-jual-di-balikpapan-baru-balikpapan-1694861620.jpg,6,6,672 m²,200 m²,,Rumah,SHM - Sertifikat Hak Milik,4400 Watt,,,Tidak,Tidak,,,,Tidak,,,Tidak,,Dijual
1363,Jual Rumah Perum WIKA MAHOGANY Balikpapan,Rp 700 Juta,"Gn. Samarinda, Balikpapan",https://www.rumah123.com//properti/balikpapan/hos14726361/,https://picture.rumah123.com/r123-images/720x420-crop/customer/1714689/2023-09-09-05-06-51-a1121323-36a2-4760-baa5-f4d2acee8b94.jpg,,,120 m²,57 m²,,Rumah,SHM - Sertifikat Hak Milik,1300 Watt,,,Tidak,Tidak,,1,,Tidak,,PAM atau PDAM,Tidak,,Dijual
1364,CEPAT RUMAH DITENGAH KOTA BALIKPAPAN,Rp 1 Miliar,"Balikpapan Selatan, Balikpapan",https://www.rumah123.com//properti/balikpapan/hos14725781/,https://picture.rumah123.com/r123/720x420-crop/house/ho14/14725781/original/hos14725781-rumah-di-jual-di-balikpapan-selatan-balikpapan-1694232977.jpg,3,2,150 m²,120 m²,,Rumah,SHM - Sertifikat Hak Milik,1300 Watt,2,,,,,,,,,,,,Dijual
1365,hunian minimalis dekat Terminal Bus Batu Ampar,Rp 750 Juta,"Balikpapan Utara, Balikpapan",https://www.rumah123.com//properti/balikpapan/hos14664711/,https://picture.rumah123.com/r123/720x420-crop/house/ho14/14664711/original/hos14664711-rumah-di-jual-di-balikpapan-utara-balikpapan-1693638044.jpg,2,1,146 m²,48 m²,1,Rumah,SHM - Sertifikat Hak Milik,3500 Watt,,,Tidak,Tidak,Unfurnished,,Pemukiman Warga,Tidak,2 Mobil,,Tidak,Bagus,Terjual
1366,BALIKPAPAN PERUM PONDOK KARYA AGUNG (POKA),Rp 950 Juta,"Balikpapan Selatan, Balikpapan",https://www.rumah123.com//properti/balikpapan/hos14663868/,https://picture.rumah123.com/r123/720x420-crop/house/ho14/14663868/original/hos14663868-rumah-di-jual-di-balikpapan-selatan-balikpapan-1693631839.jpg,4,3,180 m²,200 m²,,Rumah,SHM - Sertifikat Hak Milik,2200 Watt,,,,,,,,,,,,,Dijual
1367,BALIKPAPAN PERUMAHAN BUKIT ALAM LESTARI,Rp 360 Juta,"Balikpapan Utara, Balikpapan",https://www.rumah123.com//properti/balikpapan/hos14660267/,https://picture.rumah123.com/r123/720x420-crop/house/ho14/14660267/original/hos14660267-rumah-di-jual-di-balikpapan-utara-balikpapan-1693616669.jpg,2,1,120 m²,90 m²,,Rumah,SHM - Sertifikat Hak Milik,1300 Watt,,,,,,,,,,,,,Dijual
1368,"RUMAH DI GRAND CITY LOKASI STRATEGIS, AKSES CEPAT, PERUMAHAN TERBAIK DI PINTU GERBANG IKN","Rp 3,95 Miliar","Balikpapan Utara, Balikpapan",https://www.rumah123.com//properti/balikpapan/hos14524000/,https://picture.rumah123.com/r123/720x420-crop/house/ho14/14524000/original/hos14524000-rumah-di-jual-di-balikpapan-utara-balikpapan-1692422367.jpg,3,3,180 m²,200 m²,,Rumah,SHM - Sertifikat Hak Milik,5500 Watt,1,1,Tidak,Tidak,,2,,Tidak,2 Mobil,,Tidak,Bagus,Dijual
1369,RUMAH DUA KAMAR TIDUR DI TENGAH KOTA,Rp 750 Juta,"Balikpapan Tengah, Balikpapan",https://www.rumah123.com//properti/balikpapan/hos10363428/,https://picture.rumah123.com/r123/720x420-crop/house/ho10/10363428/original/hos10363428-rumah-di-jual-di-balikpapan-tengah-balikpapan-1654476693.jpg,2,1,144 m²,120 m²,,Rumah,SHM - Sertifikat Hak Milik,2200 Watt,,,Tidak,Tidak,,,,Tidak,,,Tidak,,Dijual
1370,RUMAH,Rp 4 Miliar,"Balikpapan Tengah, Balikpapan",https://www.rumah123.com//properti/balikpapan/hos9105047/,https://picture.rumah123.com/r123/720x420-crop/house/ho91/9105047/original/hos9105047-rumah-di-jual-di-balikpapan-tengah-balikpapan-1636018223.jpg,6,3,143 m²,342 m²,,Rumah,SHM - Sertifikat Hak Milik,5500 Watt,,,,,,,,,,,,,Dijual
1371,rumah minimalist bersih dekat SMAN 5 Balikpapan,Rp 650 Juta,"Balikpapan Selatan, Balikpapan",https://www.rumah123.com//properti/balikpapan/hos14469959/,https://picture.rumah123.com/r123/720x420-crop/house/ho14/14469959/original/hos14469959-rumah-di-jual-di-balikpapan-selatan-balikpapan-1691809754.jpg,2,1,120 m²,88 m²,1,Rumah,SHM - Sertifikat Hak Milik,2200 Watt,,,Tidak,Tidak,Unfurnished,,Pemukiman Warga,Tidak,2 Mobil,,Tidak,Bagus,Dijual
1372,RUMAH EMPAT KAMAR TIDUR DALAM PERUMAHAN BALIKPAPAN,"Rp 1,13 Miliar","Balikpapan Utara, Balikpapan",https://www.rumah123.com//properti/balikpapan/hos9510060/,https://picture.rumah123.com/r123/720x420-crop/house/ho95/9510060/original/hos9510060-rumah-di-jual-di-balikpapan-utara-balikpapan-1642377652.jpg,4,2,145 m²,160 m²,,Rumah,SHM - Sertifikat Hak Milik,4400 Watt,1,,,,,,,,,,,,Dijual
1373,RUMAH LUAS COCOK UNTUK TOKO DI DAERAH RAMAI STRATEGIS BALIKPAPAN,"Rp 3,69 Miliar","Balikpapan Selatan, Balikpapan",https://www.rumah123.com//properti/balikpapan/hos9874748/,https://picture.rumah123.com/r123/720x420-crop/house/ho98/9874748/original/hos9874748-rumah-di-jual-di-balikpapan-selatan-balikpapan-1647246284.jpg,4,4,400 m²,230 m²,,Rumah,SHM - Sertifikat Hak Milik,1300 Watt,,,,,,,,,,,,,Dijual
1374,RUMAH BESAR MEWAH DI PERUMAHAN ELITE BALIKPAPAN,"Rp 3,5 Miliar","Balikpapan Baru, Balikpapan",https://www.rumah123.com//properti/balikpapan/hos9846131/,https://picture.rumah123.com/r123/720x420-crop/house/ho98/9846131/original/hos9846131-rumah-di-jual-di-balikpapan-baru-balikpapan-1646873259.jpg,4,3,198 m²,275 m²,,Rumah,SHM - Sertifikat Hak Milik,4400 Watt,1,,,,,,,,,,,,Dijual
1375,RUMAH TIGA KAMAR TIDUR DALAM PERUMAHAN ELITE,"Rp 1,1 Miliar","Balikpapan Selatan, Balikpapan",https://www.rumah123.com//properti/balikpapan/hos9998344/,https://picture.rumah123.com/r123/720x420-crop/house/ho99/9998344/original/hos9998344-rumah-di-jual-di-balikpapan-selatan-balikpapan-1648862919.jpg,3,2,90 m²,90 m²,,Rumah,SHM - Sertifikat Hak Milik,2200 Watt,,,,,,,,,,,,,Dijual
1376,RUMAH LUAS  EMPAT KAMAR TIDUR DALAM PERUMAHAN ELITE BALIKPAPAN,"Rp 3,75 Miliar","Balikpapan Selatan, Balikpapan",https://www.rumah123.com//properti/balikpapan/hos10068093/,https://picture.rumah123.com/r123/720x420-crop/house/ho10/10068093/original/hos10068093-rumah-di-jual-di-balikpapan-selatan-balikpapan-1649818241.jpg,4,2,350 m²,250 m²,,Rumah,SHM - Sertifikat Hak Milik,3500 Watt,1,,,,,,,,,,,,Dijual
1377,RUMAH HOOK LUAS  LIMA KAMAR TIDUR DALAM PERUMAHAN ELITE BALIKPAPAN,"Rp 4,25 Miliar","Balikpapan Selatan, Balikpapan",https://www.rumah123.com//properti/balikpapan/hos10068679/,https://picture.rumah123.com/r123/720x420-crop/house/ho10/10068679/original/hos10068679-rumah-di-jual-di-balikpapan-selatan-balikpapan-1649822013.jpg,4,2,350 m²,250 m²,,Rumah,SHM - Sertifikat Hak Milik,3500 Watt,1,,,,,,,,,,,,Dijual
1378,RUMAH LUAS DALAM PERUMAHAN ELITE BALIKPAPAN,"Rp 2,1 Miliar","Balikpapan Utara, Balikpapan",https://www.rumah123.com//properti/balikpapan/hos10336408/,https://picture.rumah123.com/r123/720x420-crop/house/ho10/10336408/original/hos10336408-rumah-di-jual-di-balikpapan-utara-balikpapan-1654091499.jpg,3,2,200 m²,160 m²,,Rumah,SHM - Sertifikat Hak Milik,2200 Watt,1,,,,,,,,,,,,Dijual
1379,RUMAH CANTIK BERSIH DALAM PERUMAHAN LUAS BALIKPAPAN,Rp 850 Juta,"Balikpapan Selatan, Balikpapan",https://www.rumah123.com//properti/balikpapan/hos10255311/,https://picture.rumah123.com/r123/720x420-crop/house/ho10/10255311/original/hos10255311-rumah-di-jual-di-balikpapan-selatan-balikpapan-1652925286.jpg,3,2,143 m²,130 m²,,Rumah,SHM - Sertifikat Hak Milik,2200 Watt,,,,,,,,,,,,,Dijual
1380,RUMAH LUAS MURAH DI TENGAH KOTA BALIKPAPAN,"Rp 1,05 Miliar","Balikpapan Selatan, Balikpapan",https://www.rumah123.com//properti/balikpapan/hos10303909/,https://picture.rumah123.com/r123/720x420-crop/house/ho10/10303909/original/hos10303909-rumah-di-jual-di-balikpapan-selatan-balikpapan-1653619916.jpg,4,2,200 m²,178 m²,,Rumah,SHM - Sertifikat Hak Milik,2200 Watt,,,,,,,,,,,,,Dijual
1381,RUMAH MURAH DUA KAMAR TIDUR DI TENGAH KOTA BALIKPAPAN,Rp 475 Juta,"Balikpapan Selatan, Balikpapan",https://www.rumah123.com//properti/balikpapan/hos10363429/,https://picture.rumah123.com/r123/720x420-crop/house/ho10/10363429/original/hos10363429-rumah-di-jual-di-balikpapan-selatan-balikpapan-1654476716.jpg,2,2,92 m²,70 m²,,Rumah,SHM - Sertifikat Hak Milik,1300 Watt,,,,,,,,,,,,,Dijual
1382,RUMAH MURAH DI TENGAH KOTA BALIKPAPAN,Rp 480 Juta,"Gunung Bahagia, Balikpapan",https://www.rumah123.com//properti/balikpapan/hos10393621/,https://picture.rumah123.com/r123/720x420-crop/house/ho10/10393621/original/hos10393621-rumah-di-jual-di-gunung-bahagia-balikpapan-1654816108.jpg,2,1,72 m²,48 m²,,Rumah,SHM - Sertifikat Hak Milik,1300 Watt,,,,,,,,,,,,,Dijual
1383,RUMAH MEWAH LUAS DALAM PERUMAHAN ELITE BALIKPAPAN,"Rp 3,58 Miliar","Balikpapan Baru, Balikpapan",https://www.rumah123.com//properti/balikpapan/hos10400596/,https://picture.rumah123.com/r123/720x420-crop/house/ho10/10400596/original/hos10400596-rumah-di-jual-di-balikpapan-baru-balikpapan-1654906214.jpg,4,3,240 m²,250 m²,,Rumah,SHM - Sertifikat Hak Milik,3500 Watt,1,,,,,,,,,,,,Dijual
1384,PERUMAHAN PRIMARY NORDVILE GRAND CITY,"Rp 2,16 Miliar","Balikpapan Utara, Balikpapan",https://www.rumah123.com//properti/balikpapan/hos14469010/,https://picture.rumah123.com/r123/720x420-crop/house/ho14/14469010/original/hos14469010-rumah-di-jual-di-balikpapan-utara-balikpapan-1691800140.jpg,3,2,117 m²,120 m²,,Rumah,SHM - Sertifikat Hak Milik,2200 Watt,,,,,,,,,,,,,Dijual
1385,PERUMAHAN NORDVILE GRAND CITY,"Rp 1,76 Miliar","Balikpapan Utara, Balikpapan",https://www.rumah123.com//properti/balikpapan/hos14469002/,https://picture.rumah123.com/r123/720x420-crop/house/ho14/14469002/original/hos14469002-rumah-di-jual-di-balikpapan-utara-balikpapan-1691800049.jpg,3,2,88 m²,105 m²,,Rumah,SHM - Sertifikat Hak Milik,2200 Watt,,,,,,,,,,,,,Dijual
1386,PERUMAHAN PRIMARY GRAND CITY NORDVILE,"Rp 3,26 Miliar","Balikpapan Utara, Balikpapan",https://www.rumah123.com//properti/balikpapan/hos14468999/,https://picture.rumah123.com/r123/720x420-crop/house/ho14/14468999/original/hos14468999-rumah-di-jual-di-balikpapan-utara-balikpapan-1691799982.jpg,4,3,200 m²,172 m²,,Rumah,SHM - Sertifikat Hak Milik,2200 Watt,1,,,,,,,,,,,,Dijual
1387,RUMAH 2 LANTAI SIAP HUNI DITENGAH KOTA,"Rp 2,4 Miliar","Balikpapan Selatan, Balikpapan",https://www.rumah123.com//properti/balikpapan/hos14468976/,https://picture.rumah123.com/r123/720x420-crop/house/ho14/14468976/original/hos14468976-rumah-di-jual-di-balikpapan-selatan-balikpapan-1691799672.jpg,6,5,479 m²,306 m²,,Rumah,SHM - Sertifikat Hak Milik,2200 Watt,2,,,,,,,,,,,,Dijual
1388,CLUSTER NORDVILLE GRANDCITY,"Rp 1,6 Miliar","Balikpapan Utara, Balikpapan",https://www.rumah123.com//properti/balikpapan/hos14468956/,https://picture.rumah123.com/r123/720x420-crop/house/ho14/14468956/original/hos14468956-rumah-di-jual-di-balikpapan-utara-balikpapan-1691799564.jpg,3,3,98 m²,88 m²,,Rumah,HGB - Hak Guna Bangunan,2200 Watt,,,,,,,,,,,,,Dijual
1389,RUMAH DI TENGAH KOTA BALIKPAPAN KAL-TIM ,Rp 650 Juta,"Prapatan, Balikpapan",https://www.rumah123.com//properti/balikpapan/hos14291630/,https://picture.rumah123.com/r123/720x420-crop/house/ho14/14291630/original/hos14291630-rumah-di-jual-di-prapatan-balikpapan-1690001143.jpg,5,2,153 m²,200 m²,,Rumah,SHM - Sertifikat Hak Milik,1300 Watt,,1,Tidak,Tidak,Unfurnished,,,Tidak,,,Tidak,Bagus,Dijual
1390,RUMAH CANTIK DI PUSAT KOTA SIAP HUNI,"Rp 1,3 Miliar","Balikpapan Selatan, Balikpapan",https://www.rumah123.com//properti/balikpapan/hos14291570/,https://picture.rumah123.com/r123/720x420-crop/house/ho14/14291570/original/hos14291570-rumah-di-jual-di-balikpapan-selatan-balikpapan-1690000869.jpg,3,2,120 m²,90 m²,1,Rumah,SHM - Sertifikat Hak Milik,3500 Watt,1,1,Tidak,Tidak,Unfurnished,2,,Tidak,2 Mobil,,Tidak,Bagus,Dijual
1391,Rumah recomend banget untuk keluarga kecil ditengah kota,Rp 950 Juta,"Balikpapan Selatan, Balikpapan",https://www.rumah123.com//properti/balikpapan/hos14290770/,https://picture.rumah123.com/r123-images/720x420-crop/customer/1655652/2023-07-22-03-31-36-e4f5d3dc-d047-45e6-9597-f1c511675269.jpg,3,2,112 m²,80 m²,1,Rumah,SHM - Sertifikat Hak Milik,2200 Watt,,,Ya,Ya,Unfurnished,2,Pemukiman Warga,Ya,2 Mobil,,Tidak,Bagus,Dijual
1392,Rumah design cantik dan bagus sudah ada furniturnya,"Rp 1,65 Miliar","Balikpapan Selatan, Balikpapan",https://www.rumah123.com//properti/balikpapan/hos14290686/,https://picture.rumah123.com/r123-images/720x420-crop/customer/1655652/2023-07-22-03-25-45-90170088-4ffe-4d20-836a-97f1684e06fb.jpg,3,2,152 m²,95 m²,1,Rumah,SHM - Sertifikat Hak Milik,2200 Watt,,,Ya,Ya,Semi Furnished,1,Pemukiman Warga,Ya,2 Mobil,PAM atau PDAM,Tidak,Bagus,Dijual
1393,Rumah Cantik dan terawat harganha sangat murah,Rp 1 Miliar,"Balikpapan Selatan, Balikpapan",https://www.rumah123.com//properti/balikpapan/hos14290608/,https://picture.rumah123.com/r123-images/720x420-crop/customer/1655652/2023-07-22-03-19-32-d5e77843-de74-4942-a7af-22f67d9ffb9d.jpg,2,1,102 m²,100 m²,1,Rumah,SHM - Sertifikat Hak Milik,5500 Watt,,,Ya,Ya,Unfurnished,2,Pemukiman Warga,Ya,2 Mobil,PAM atau PDAM,Tidak,Bagus,Dijual
1394,RUMAH CANTIK LINGKUNGAN TENANG DAN LUAS,"Rp 2,4 Miliar","Balikpapan Selatan, Balikpapan",https://www.rumah123.com//properti/balikpapan/hos14290539/,https://picture.rumah123.com/r123/720x420-crop/house/ho14/14290539/original/hos14290539-rumah-di-jual-di-balikpapan-selatan-balikpapan-1689995631.jpg,3,2,277 m²,180 m²,1,Rumah,SHM - Sertifikat Hak Milik,2200 Watt,1,1,Tidak,Tidak,Unfurnished,1,,Tidak,2 Mobil,,Tidak,Bagus,Dijual
1395,Rumah kondisi bagus dikawasan balikpapan baru. ,"Rp 1,55 Miliar","Balikpapan Baru, Balikpapan",https://www.rumah123.com//properti/balikpapan/hos14290465/,https://picture.rumah123.com/r123-images/720x420-crop/customer/1655652/2023-07-22-03-08-46-0f188cd0-f782-480a-8506-30b2250731df.jpg,3,4,112 m²,144 m²,1,Rumah,SHM - Sertifikat Hak Milik,4400 Watt,,,Ya,Ya,Unfurnished,2,Pemukiman Warga,Ya,2 Mobil,PAM atau PDAM,Tidak,Bagus,Dijual
1396,Rumah serba pink diperumahan grandcity. ,"Rp 1,55 Miliar","Balikpapan Utara, Balikpapan",https://www.rumah123.com//properti/balikpapan/hos14290125/,https://picture.rumah123.com/r123-images/720x420-crop/customer/1655652/2023-07-22-02-41-17-f2270f56-32e5-4bd4-a975-36936ffdfe09.jpg,2,2,112 m²,64 m²,,Rumah,SHM - Sertifikat Hak Milik,2200 Watt,,,Ya,Ya,Unfurnished,1,Pemukiman Warga,Ya,2 Mobil,PAM atau PDAM,Ya,Bagus,Dijual
1397,BU RUMAH MINIMALIS MODERN DIJUAL CEPAT DI AREA WIKA,"Rp 1,1 Miliar","Batu Ampar, Balikpapan",https://www.rumah123.com//properti/balikpapan/hos14286688/,https://picture.rumah123.com/r123-images/720x420-crop/customer/1655652/2023-07-21-11-30-01-148d8b4b-86f4-4f6c-9aaf-484c9b1f6104.jpg,4,3,160 m²,145 m²,1,Rumah,SHM - Sertifikat Hak Milik,4400 Watt,,,Ya,Ya,Unfurnished,1,Pemukiman Warga,Ya,2 Mobil,PAM atau PDAM,Tidak,Bagus,Dijual
1398,DIJUAL RUMAH STRATEGIS PINGGIR JALAN RAYA,"Rp 6,5 Miliar","Balikpapan Tengah, Balikpapan",https://www.rumah123.com//properti/balikpapan/hos14234661/,https://picture.rumah123.com/r123/720x420-crop/house/ho14/14234661/original/hos14234661-rumah-di-jual-di-balikpapan-tengah-balikpapan-1689381334.jpg,9,4,516 m²,200 m²,,Rumah,SHM - Sertifikat Hak Milik,1300 Watt,,1,Tidak,Tidak,Unfurnished,1,,Tidak,4 Mobil,PAM atau PDAM,Tidak,,Dijual
1399,"Rumah dekat Pasar,Sekolah,&Tempat Ibadah,tempat nya aman.",Rp 680 Juta,"Sepinggan, Balikpapan",https://www.rumah123.com//properti/balikpapan/hos13973500/,https://picture.rumah123.com/r123-images/720x420-crop/customer/1729095/2023-06-10-12-44-47-22d436fe-18db-4ad3-8dba-7aca2f1db8c9.jpg,,,120 m²,52 m²,,Rumah,SHM - Sertifikat Hak Milik,2200 Watt,,,Tidak,Tidak,,1,,Tidak,,PAM atau PDAM,Tidak,Bagus,Dijual
1400,Rumah Jual Areal Gn.Sari akses truk dari Jalan Maryati dan Toko Utama,Rp 1 Miliar,"Balikpapan Tengah, Balikpapan",https://www.rumah123.com//properti/balikpapan/hos13973451/,https://picture.rumah123.com/r123-images/720x420-crop/customer/1729095/2023-06-10-12-31-54-e261e3a1-c9d1-49db-b28c-6f06268cd1b8.jpg,,,305 m²,200 m²,,Rumah,SHM - Sertifikat Hak Milik,2200 Watt,,,Tidak,Tidak,,1,,Tidak,,PAM atau PDAM,Tidak,Bagus,Dijual
1401,Rumah siap Tempati,Rp 300 Juta,"Balikpapan Timur, Balikpapan",https://www.rumah123.com//properti/balikpapan/hos13973403/,https://picture.rumah123.com/r123-images/720x420-crop/customer/1729095/2023-06-10-12-16-18-9351af8e-8d2a-4a80-9320-67ae459557ca.jpg,,,112 m²,45 m²,,Rumah,SHM - Sertifikat Hak Milik,1300 Watt,,,Tidak,Tidak,,1,,Tidak,,Sumur Bor,Ya,Baru,Dijual
1402,"RUMAH PREMIUM GOLF VIEW RESIDENCE DI PUPUK TIMUR, BALIKPAPAN","Rp 2,26 Miliar","Balikpapan Selatan, Balikpapan",https://www.rumah123.com//properti/balikpapan/hos13968612/,https://picture.rumah123.com/r123/720x420-crop/house/ho13/13968612/original/hos13968612-rumah-di-jual-di-balikpapan-selatan-balikpapan-1686361678.jpg,3,3,133 m²,120 m²,,Rumah,SHM - Sertifikat Hak Milik,2200 Watt,1,1,Tidak,Tidak,Unfurnished,2,Perkotaan,Tidak,2 Mobil,,Tidak,Baru,Dijual
1403,Rumah minimalis modern dekat bandara internasional Sepinggan ,"Rp 1,75 Miliar","Sepinggan, Balikpapan",https://www.rumah123.com//properti/balikpapan/hos13910084/,https://picture.rumah123.com/r123-images/720x420-crop/customer/1655652/2023-06-03-10-29-18-655a0914-725a-4aad-8418-12e003d9883d.jpg,3,2,135 m²,145 m²,,Rumah,SHM - Sertifikat Hak Milik,2200 Watt,,,Ya,Ya,Semi Furnished,1,Pemukiman Warga,Ya,2 Mobil,PAM atau PDAM,Tidak,Bagus,Dijual
1404,Rumah minimalis  tinggal masuk badan dikawasan  perumahan elite,"Rp 2,15 Miliar","Balikpapan Selatan, Balikpapan",https://www.rumah123.com//properti/balikpapan/hos13909557/,https://picture.rumah123.com/r123-images/720x420-crop/customer/1655652/2023-06-03-09-27-35-1e308e72-a38f-47c9-8549-7417a4a189fb.jpg,3,3,207 m²,160 m²,1,Rumah,SHM - Sertifikat Hak Milik,5500 Watt,,,Ya,Ya,Furnished,1,Pemukiman Warga,Ya,2 Mobil,PAM atau PDAM,Tidak,Bagus,Dijual
1405,Rumah cantik & bersih plus toko di area perumahan millenial ,"Rp 2,5 Miliar","Balikpapan Selatan, Balikpapan",https://www.rumah123.com//properti/balikpapan/hos13767453/,https://picture.rumah123.com/r123-images/720x420-crop/customer/1655652/2023-05-20-14-30-14-8c5c795a-77b1-4e8c-95cf-cb2cc0b0e9ff.jpg,2,3,150 m²,450 m²,,Rumah,SHM - Sertifikat Hak Milik,2200 Watt,,,Ya,Ya,,3,Pemukiman Warga,Ya,2 Mobil,PAM atau PDAM,Tidak,Bagus,Dijual
1406,2 unit rumah cantik ditengah kota balikpapan ,Rp 750 Juta,"Balikpapan Utara, Balikpapan",https://www.rumah123.com//properti/balikpapan/hos13765424/,https://picture.rumah123.com/r123-images/720x420-crop/customer/1655652/2023-05-20-10-28-15-7d88bac3-283d-40af-9e7e-687350d5428c.jpg,2,1,45 m²,91 m²,,Rumah,SHM - Sertifikat Hak Milik,1300 Watt,,,Ya,Ya,Unfurnished,1,Pemukiman Warga,Ya,2 Mobil,PAM atau PDAM,Tidak,Baru,Dijual
1407,Rumah+gudang+kantor dipinggir jalan besar,"Rp 9,2 Miliar","Balikpapan Utara, Balikpapan",https://www.rumah123.com//properti/balikpapan/hos13765664/,https://picture.rumah123.com/r123-images/720x420-crop/customer/1655652/2023-05-20-10-56-45-345d06e7-1da2-4f17-b78a-d653c441e8fe.jpg,3,5,1320 m²,839 m²,1,Rumah,SHM - Sertifikat Hak Milik,3500 Watt,,,Ya,Ya,Semi Furnished,1,Perkotaan,Ya,4 Mobil,PAM atau PDAM,Tidak,Bagus,Dijual
1408,RUMAH BESERTA KOST-KOSTAN,Rp 2 Miliar,"Balikpapan Selatan, Balikpapan",https://www.rumah123.com//properti/balikpapan/hos13756548/,https://picture.rumah123.com/r123/720x420-crop/house/ho13/13756548/original/hos13756548-rumah-di-jual-di-balikpapan-selatan-balikpapan-1684543241.jpg,12,11,406 m²,250 m²,,Rumah,SHM - Sertifikat Hak Milik,2200 Watt,,,,,,,,,,,,,Dijual
1409,RUMAH DI BALIKPAPAN REGENCY,Rp 675 Juta,"Balikpapan Selatan, Balikpapan",https://www.rumah123.com//properti/balikpapan/hos13756486/,https://picture.rumah123.com/r123/720x420-crop/house/ho13/13756486/original/hos13756486-rumah-di-jual-di-balikpapan-selatan-balikpapan-1684542244.jpg,2,1,90 m²,45 m²,,Rumah,SHM - Sertifikat Hak Milik,1300 Watt,,,,,,,,,,,,,Dijual
1411,RUMAH MEWAH BALIKPAPAN BARU DUA LANTAI,Rp 6 Miliar,"Balikpapan Selatan, Balikpapan",https://www.rumah123.com//properti/balikpapan/hos13611300/,https://picture.rumah123.com/r123/720x420-crop/house/ho13/13611300/original/hos13611300-rumah-di-jual-di-balikpapan-selatan-balikpapan-1683334481.jpg,4,4,360 m²,360 m²,,Rumah,SHM - Sertifikat Hak Milik,4400 Watt,1,,,,,,,,,,,,Dijual
1412,PERUMAHAN PESONA KHATULISTIWA,Rp 585 Juta,"Balikpapan Tengah, Balikpapan",https://www.rumah123.com//properti/balikpapan/hos13611061/,https://picture.rumah123.com/r123/720x420-crop/house/ho13/13611061/original/hos13611061-rumah-di-jual-di-balikpapan-tengah-balikpapan-1683332518.jpg,2,1,72 m²,36 m²,,Rumah,HGB - Hak Guna Bangunan,5500 Watt,,,,,,,,,,,,,Dijual
1413,RUMAH DICITRA BUKIT INDAH CIPUTRA,"Rp 1,2 Miliar","Balikpapan Selatan, Balikpapan",https://www.rumah123.com//properti/balikpapan/hos13611046/,https://picture.rumah123.com/r123/720x420-crop/house/ho13/13611046/original/hos13611046-rumah-di-jual-di-balikpapan-selatan-balikpapan-1699080800.jpg,3,2,90 m²,70 m²,,Rumah,SHM - Sertifikat Hak Milik,2200 Watt,,,,,,,,,,,,,Dijual
1414,Dijual Rumah Lokasi Startegis Tengah Kota Posiis Hook di Pupuk,"Rp 1,8 Miliar","Balikpapan Selatan, Balikpapan",https://www.rumah123.com//properti/balikpapan/hos13550011/,https://picture.rumah123.com/r123-images/720x420-crop/customer/1805813/2023-04-29-13-51-50-01eb6558-5be0-4fdc-9c99-3d6f774bb9e6.png,4,1,216 m²,90 m²,1,Rumah,SHM - Sertifikat Hak Milik,2200 Watt,,1,Ya,Ya,Unfurnished,1,Perkotaan,Ya,2 Mobil,PAM atau PDAM,Ya,,Dijual
1415,Dijual Cepat Rumah Pupuk ,"Rp 2,2 Miliar","Balikpapan Selatan, Balikpapan",https://www.rumah123.com//properti/balikpapan/hos13543624/,https://picture.rumah123.com/r123-images/720x420-crop/customer/1805813/2023-04-29-02-11-03-b130b274-f8c7-4b25-ab10-b57a0dc53c38.png,4,3,374 m²,220 m²,1,Rumah,SHM - Sertifikat Hak Milik,6600 Watt,,1,Ya,Ya,Unfurnished,1,Perkotaan,Ya,2 Mobil,,Tidak,Butuh Renovasi,Dijual
1416,RUMAH PINGGIR JALAN SOMBER,"Rp 1,7 Miliar","Balikpapan Utara, Balikpapan",https://www.rumah123.com//properti/balikpapan/hos13297693/,https://picture.rumah123.com/r123/720x420-crop/house/ho13/13297693/original/hos13297693-rumah-di-jual-di-balikpapan-utara-balikpapan-1680334999.jpg,4,3,194 m²,230 m²,,Rumah,SHM - Sertifikat Hak Milik,1300 Watt,,,,,,,,,,,,,Dijual
1417,Rumah Permata Hijau Nego,Rp 500 Juta,"Balikpapan Selatan, Balikpapan",https://www.rumah123.com//properti/balikpapan/hos13216904/,https://picture.rumah123.com/r123-images/720x420-crop/customer/1040256/2023-03-25-06-33-36-d1f3324e-5590-4536-b2ad-96bb2f809eb6.jpg,,,84 m²,40 m²,,Rumah,SHM - Sertifikat Hak Milik,1300 Watt,,,Tidak,Tidak,,1,,Tidak,,PAM atau PDAM,Tidak,Bagus,Dijual
1418,BALIKPAPAN RUMAH DENGAN HALAMAN LUAS SEPINGGAN (HM151),"Rp 2,5 Miliar","Balikpapan Selatan, Balikpapan",https://www.rumah123.com//properti/balikpapan/hos13213189/,https://picture.rumah123.com/r123/720x420-crop/house/ho13/13213189/original/hos13213189-rumah-di-jual-di-balikpapan-selatan-balikpapan-1679710195.jpg,5,2,745 m²,400 m²,,Rumah,SHM - Sertifikat Hak Milik,2200 Watt,,1,Tidak,Tidak,Unfurnished,1,Pemukiman Warga,Tidak,4 Mobil,PAM atau PDAM,Tidak,Bagus,Dijual
1419,RUMAH CANTIK DIBALIKPAPAN REGENCY,"Rp 1,95 Miliar","Balikpapan Selatan, Balikpapan",https://www.rumah123.com//properti/balikpapan/hos13053097/,https://picture.rumah123.com/r123/720x420-crop/house/ho13/13053097/original/hos13053097-rumah-di-jual-di-balikpapan-selatan-balikpapan-1678526154.jpg,3,2,152 m²,167 m²,,Rumah,SHM - Sertifikat Hak Milik,2200 Watt,,,,,,,,,,,,,Dijual
1420,BALIKPAPAN RUMAH TAMAN SARI BUKIT MUTIARA (WIKA) HM132,"Rp 1,25 Miliar","Balikpapan Utara, Balikpapan",https://www.rumah123.com//properti/balikpapan/hos13052369/,https://picture.rumah123.com/r123/720x420-crop/house/ho13/13052369/original/hos13052369-rumah-di-jual-di-balikpapan-utara-balikpapan-1678523897.jpg,2,2,120 m²,120 m²,,Rumah,SHM - Sertifikat Hak Milik,2200 Watt,,1,Tidak,Tidak,Semi Furnished,1,Pemukiman Warga,Tidak,3 Mobil,PAM atau PDAM,Tidak,Bagus,Dijual
1421,"BALIKPAPAN RUMAH BESAR , MESS KARYAWAN DAN KANTOR",Rp 15 Miliar,"Sepinggan, Balikpapan",https://www.rumah123.com//properti/balikpapan/hos12720366/,https://picture.rumah123.com/r123/720x420-crop/house/ho12/12720366/original/hos12720366-rumah-di-jual-di-sepinggan-balikpapan-1676097509.jpg,4,5,827 m²,600 m²,,Rumah,SHM - Sertifikat Hak Milik,4400 Watt,,,,,,,,,,,,,Dijual
1422,Rumah Mewah Minimalis Free Biaya,"Rp 1,16 Miliar","Balikpapan Selatan, Balikpapan",https://www.rumah123.com//properti/balikpapan/hos12514837/,https://picture.rumah123.com/r123-images/720x420-crop/customer/1355633/2023-01-21-06-33-10-dc86ad23-3df5-4db9-9fe7-87e70d9aa307.png,3,2,168 m²,100 m²,1,Rumah,HGB - Hak Guna Bangunan,1300 Watt,,1,Ya,Ya,Unfurnished,1,Perkotaan,Ya,2 Mobil,Sumur Bor,Tidak,Baru,Dijual
1423,TURUN HARGA RUMAH SIAP HUNI LOKASI STRATEGHIS DI PERUMAHAN PUPUK KALTIM,"Rp 2,4 Miliar","Balikpapan Selatan, Balikpapan",https://www.rumah123.com//properti/balikpapan/hos12138535/,https://picture.rumah123.com/r123/720x420-crop/house/ho12/12138535/original/hos12138535-rumah-di-jual-di-balikpapan-selatan-balikpapan-1703826636.jpg,4,3,306 m²,250 m²,,Rumah,SHM - Sertifikat Hak Milik,2200 Watt,,,,,,,,,,,,,Dijual
1424,FULL FURNISH MEWAH TERAWAT ADA KOLAM RENANG DI TENGAH KOTA BALIKPAPAN,Rp 9 Miliar,"Balikpapan Selatan, Balikpapan",https://www.rumah123.com//properti/balikpapan/hos11911458/,https://picture.rumah123.com/r123/720x420-crop/house/ho11/11911458/original/hos11911458-rumah-di-jual-di-balikpapan-selatan-balikpapan-1703831242.jpg,4,4,570 m²,300 m²,,Rumah,SHM - Sertifikat Hak Milik,13200 Watt,,,,,,,,,,,,,Dijual
1425,DIJUAL HOTEL DI PUSAT PERBELANJAAN PASAR INPRES KEBUN SAYUR,"Rp 7,5 Miliar","Balikpapan Barat, Balikpapan",https://www.rumah123.com//properti/balikpapan/hos11911411/,https://picture.rumah123.com/r123-images/720x420-crop/customer/1688259/2022-11-27-10-32-22-aaa54bf1-60ef-441b-aeac-0b0b47cc4b3c.jpg,12,12,154 m²,308 m²,,Rumah,HGB - Hak Guna Bangunan,7700 Watt,,1,Tidak,Tidak,Unfurnished,2,Perkotaan,Tidak,2 Mobil,,Tidak,Bagus,Dijual
1426,"DI JUAL RUMAH KONTRAKAN 2 LANTAI 2 PINTU DAN KOS-KOSAN INVESTASI MENARIK, GANG KARZENDA","Rp 1,65 Miliar","Balikpapan Tengah, Balikpapan",https://www.rumah123.com//properti/balikpapan/hos11911187/,https://picture.rumah123.com/r123/720x420-crop/house/ho11/11911187/original/hos11911187-rumah-di-jual-di-karang-rejo-balikpapan-1669421288.jpg,10,4,129 m²,176 m²,,Rumah,SHM - Sertifikat Hak Milik,1300 Watt,,1,Tidak,Tidak,Unfurnished,2,Pemukiman Warga,Tidak,2 Mobil,PAM atau PDAM,Tidak,Bagus,Dijual
1427,"DI JUAL RUMAH DI BHUMI NIRWANA INDAH, BALIKPAPAN KAL-TIM ","Rp 1,6 Miliar","Balikpapan Utara, Balikpapan",https://www.rumah123.com//properti/balikpapan/hos11911186/,https://picture.rumah123.com/r123/720x420-crop/house/ho11/11911186/original/hos11911186-rumah-di-jual-di-balikpapan-utara-balikpapan-1669421257.jpg,4,4,180 m²,240 m²,,Rumah,SHM - Sertifikat Hak Milik,2200 Watt,,1,Tidak,Tidak,Unfurnished,,Pemukiman Warga,Tidak,,,Tidak,Bagus,Dijual
1428,RUMAH TUMBUH DUA KAMAR TIDUR LUAS DALAM PERUMAHAN ELITE BALIKPAPAN,Rp 2 Miliar,"Balikpapan Baru, Balikpapan",https://www.rumah123.com//properti/balikpapan/hos11762798/,https://picture.rumah123.com/r123/720x420-crop/house/ho11/11762798/original/hos11762798-rumah-di-jual-di-balikpapan-baru-balikpapan-1668211243.jpg,2,2,172 m²,130 m²,,Rumah,SHM - Sertifikat Hak Milik,2200 Watt,1,,,,,,,,,,,,Dijual
1429,RUMAH LUAS DUA LANTAI DI BOULEVARD PERUMAHAN ELITE BALIKPAPAN,"Rp 1,8 Miliar","Balikpapan Utara, Balikpapan",https://www.rumah123.com//properti/balikpapan/hos11591699/,https://picture.rumah123.com/r123/720x420-crop/house/ho11/11591699/original/hos11591699-rumah-di-jual-di-balikpapan-utara-balikpapan-1667008116.jpg,3,2,200 m²,200 m²,,Rumah,SHM - Sertifikat Hak Milik,2200 Watt,1,,Tidak,Tidak,,,,Tidak,,,Tidak,,Dijual
1430,RUMAH MINIMALIS  MURAH SIAP HUNI,Rp 1 Miliar,"Balikpapan Selatan, Balikpapan",https://www.rumah123.com//properti/balikpapan/hos11522017/,https://picture.rumah123.com/r123/720x420-crop/house/ho11/11522017/original/hos11522017-rumah-di-jual-di-balikpapan-selatan-balikpapan-1666425141.jpg,3,2,170 m²,170 m²,,Rumah,SHM - Sertifikat Hak Milik,2200 Watt,,,Tidak,Tidak,,,,Tidak,,,Tidak,,Dijual
1431,TENGAH KOTA BISA PEMBAYARAN CASH BERTAHAP VIA DEVELOPER DAN KPR,Rp 586 Juta,"Damai, Balikpapan",https://www.rumah123.com//properti/balikpapan/hos11517026/,https://picture.rumah123.com/r123/720x420-crop/house/ho11/11517026/original/hos11517026-rumah-di-jual-di-damai-balikpapan-1703832795.jpg,2,1,72 m²,36 m²,,Rumah,SHM - Sertifikat Hak Milik,1300 Watt,,,,,,,,,,,,,Dijual
1432,RUMAH MINIMALIS KAWASAN ELITE PERUMAHAN GRAND CITY,Rp 1 Miliar,"Balikpapan Utara, Balikpapan",https://www.rumah123.com//properti/balikpapan/hos11440415/,https://picture.rumah123.com/r123/720x420-crop/house/ho11/11440415/original/hos11440415-rumah-di-jual-di-balikpapan-utara-balikpapan-1665817432.jpg,2,2,72 m²,46 m²,,Rumah,"Lainnya (PPJB,Girik,Adat,dll)",1300 Watt,,,Tidak,Tidak,,,,Tidak,,,Tidak,,Dijual
1433,Rumah Asri Cantik Wika Balikpapan 007JR,Rp 2 Miliar,"Balikpapan Utara, Balikpapan",https://www.rumah123.com//properti/balikpapan/hos11440399/,https://picture.rumah123.com/r123/720x420-crop/house/ho11/11440399/original/hos11440399-rumah-di-jual-di-balikpapan-utara-balikpapan-1665817301.jpg,2,2,235 m²,235 m²,,Rumah,SHM - Sertifikat Hak Milik,3500 Watt,,,,,,,,,,,,,Dijual
1434,"BALIKPAPAN,  RUMAH VIEW LAPANGAN GOLF (Y452)",Rp 4 Miliar,"Damai, Balikpapan",https://www.rumah123.com//properti/balikpapan/hos11032919/,https://picture.rumah123.com/r123/720x420-crop/house/ho11/11032919/original/hos11032919-rumah-di-jual-di-damai-balikpapan-1662340472.jpg,4,4,236 m²,300 m²,,Rumah,SHM - Sertifikat Hak Milik,2200 Watt,1,,,,,,,,,,,,Dijual
1435,RUMAH MINIMALIS DITENGAH KOTA BALIKPAPAN DAN DEKAT MASJID,"Rp 1,55 Miliar","Balikpapan Utara, Balikpapan",https://www.rumah123.com//properti/balikpapan/hos10962511/,https://picture.rumah123.com/r123/720x420-crop/house/ho10/10962511/original/hos10962511-rumah-di-jual-di-balikpapan-utara-balikpapan-1661564590.jpg,4,2,211 m²,200 m²,,Rumah,SHM - Sertifikat Hak Milik,2200 Watt,,,Tidak,Tidak,,,,Tidak,,,Tidak,Bagus,Dijual
1436,RUMAH BESAR DEKAT GEDUNG BIRU KALTIM POST,"Rp 1,6 Miliar","Balikpapan Utara, Balikpapan",https://www.rumah123.com//properti/balikpapan/hos10856951/,https://picture.rumah123.com/r123/720x420-crop/house/ho10/10856951/original/hos10856951-rumah-di-jual-di-balikpapan-utara-balikpapan-1703826613.jpg,4,3,300 m²,308 m²,,Rumah,SHM - Sertifikat Hak Milik,2200 Watt,,,,,,,,,,,,,Dijual
1437,Rumah Baru Posisi Hook Tanah Luas Full Pagar,Rp 480 Juta,"Karang Joang, Balikpapan",https://www.rumah123.com//properti/balikpapan/hos10852112/,https://picture.rumah123.com/r123-images/720x420-crop/customer/1355633/2023-01-26-10-22-19-bef21a83-f802-4546-bce1-af0f2b6911e8.png,2,1,120 m²,45 m²,1,Rumah,HGB - Hak Guna Bangunan,1300 Watt,,1,Ya,Ya,Unfurnished,1,Pemukiman Warga,Ya,,,Tidak,Baru,Dijual
1438,RUMAH BAGUS DALAM CLUSTER DI BORNEO PARADISO,Rp 550 Juta,"Balikpapan Selatan, Balikpapan",https://www.rumah123.com//properti/balikpapan/hos10795732/,https://picture.rumah123.com/r123/720x420-crop/house/ho10/10795732/original/hos10795732-rumah-di-jual-di-balikpapan-selatan-balikpapan-1703826612.jpg,2,1,72 m²,60 m²,,Rumah,SHM - Sertifikat Hak Milik,1300 Watt,,,,,,,,,,,,,Dijual
1439,RUMAH CANTIK DI KAWASAN PERUMAHAN PUPUK ,"Rp 4,7 Miliar","Balikpapan Selatan, Balikpapan",https://www.rumah123.com//properti/balikpapan/hos10747666/,https://picture.rumah123.com/r123-images/720x420-crop/customer/1439184/2022-07-30-13-05-43-949271a2-af52-47eb-9e94-bb673ccde339.jpg,4,2,330 m²,300 m²,4,Rumah,SHM - Sertifikat Hak Milik,10000 Watt,1,,,,Furnished,1,,,,,,Bagus Sekali,Dijual
1440,RUMAH PLUS KOST-KOST DIPINGGIR JALAN besar,"Rp 4,1 Miliar","Sepinggan, Balikpapan",https://www.rumah123.com//properti/balikpapan/hos10690397/,https://picture.rumah123.com/r123/720x420-crop/house/ho10/10690397/original/hos10690397-rumah-di-jual-di-sepinggan-balikpapan-1658554886.jpg,25,25,450 m²,450 m²,,Rumah,SHM - Sertifikat Hak Milik,6600 Watt,,,,,Unfurnished,2,,,,,,Bagus,Dijual
1441,RUMAH MEWAH FULLY FURNISH DI BALIKPAPAN BARU(Y426),"Rp 8,5 Miliar","Balikpapan Baru, Balikpapan",https://www.rumah123.com//properti/balikpapan/hos10689988/,https://picture.rumah123.com/r123/720x420-crop/house/ho10/10689988/original/hos10689988-rumah-di-jual-di-balikpapan-baru-balikpapan-1658552186.jpg,6,6,520 m²,380 m²,,Rumah,SHM - Sertifikat Hak Milik,6600 Watt,4,,,,,,,,,,,,Dijual
1442,RUMAH MEWAH FULLY FURNISH DI BALIKPAPAN BARU(Y426),"Rp 8,5 Miliar","Balikpapan Baru, Balikpapan",https://www.rumah123.com//properti/balikpapan/hos10687874/,https://picture.rumah123.com/r123/720x420-crop/house/ho10/10687874/original/hos10687874-rumah-di-jual-di-balikpapan-baru-balikpapan-1658539451.jpg,4,2,520 m²,380 m²,,Rumah,SHM - Sertifikat Hak Milik,6600 Watt,,,,,,,,,,,,,Dijual
1443,Rumah minimalis tingkat 2 dan di hook di Jl. Balikpapan regency kintamani,"Rp 1,4 Miliar","Balikpapan Selatan, Balikpapan",https://www.rumah123.com//properti/balikpapan/hos10639293/,https://picture.rumah123.com/r123-images/720x420-crop/customer/1655652/2022-07-16-05-23-07-6f53a9a9-f5e7-45ee-b0fb-2b72c0a0399b.jpg,3,2,240 m²,45 m²,1,Rumah,SHM - Sertifikat Hak Milik,2200 Watt,1,,,,Unfurnished,2,,,,,,Bagus Sekali,Dijual
1444,Rumah elite di balikpapan baru dekat sekolah dan masjid,"Rp 1,65 Miliar","Balikpapan Baru, Balikpapan",https://www.rumah123.com//properti/balikpapan/hos10639252/,https://picture.rumah123.com/r123-images/720x420-crop/customer/1655652/2022-07-16-05-13-23-c8a02c1f-457e-4a70-b8e1-f1ce1f6663e0.jpg,3,2,200 m²,150 m²,1,Rumah,SHM - Sertifikat Hak Milik,2200 Watt,1,,Tidak,Tidak,Unfurnished,1,Pemukiman Warga,Tidak,3 Mobil,PAM atau PDAM,Tidak,Bagus,Dijual
1445,Rumah minimalis di borneo paradiso oak wood.,Rp 700 Juta,"Sepinggan, Balikpapan",https://www.rumah123.com//properti/balikpapan/hos10638931/,https://picture.rumah123.com/r123-images/720x420-crop/customer/1655652/2022-07-16-04-52-47-261048d5-c308-4177-81be-e52136016bb0.jpg,2,1,80 m²,45 m²,1,Rumah,SHM - Sertifikat Hak Milik,1300 Watt,,,,,Unfurnished,1,,,,,,Butuh Renovasi,Dijual
1446,Rumah minimalis di balikpapan baru dekat sekolah islam,Rp 800 Juta,"Balikpapan Baru, Balikpapan",https://www.rumah123.com//properti/balikpapan/hos10638414/,https://picture.rumah123.com/r123-images/720x420-crop/customer/1655652/2022-07-16-04-15-23-c80cfa06-1f90-4a0e-b2af-ca05ed678c64.jpg,2,1,90 m²,45 m²,1,Rumah,SHM - Sertifikat Hak Milik,1300 Watt,,,Tidak,Tidak,Furnished,1,Pemukiman Warga,Tidak,2 Mobil,PAM atau PDAM,Tidak,Bagus,Dijual
1447,Rumah minimalis di hook di Jl. Taman  Sari Bukit Muitara,"Rp 1,5 Miliar","Balikpapan Utara, Balikpapan",https://www.rumah123.com//properti/balikpapan/hos10636929/,https://picture.rumah123.com/r123-images/720x420-crop/customer/1655652/2022-07-16-01-36-03-8b540049-1f35-4102-a536-8f1d1cc2feda.jpg,3,1,200 m²,130 m²,1,Rumah,SHM - Sertifikat Hak Milik,1300 Watt,,,,,Unfurnished,1,,,,,,Bagus Sekali,Dijual
1448,"Rumah minimalis Unfurnished di Jl. Soekarno Hatta kilo 3,5","Rp 1,4 Miliar","Balikpapan Utara, Balikpapan",https://www.rumah123.com//properti/balikpapan/hos10636781/,https://picture.rumah123.com/r123-images/720x420-crop/customer/1655652/2022-07-16-00-41-05-e9633d7e-198d-4064-9feb-de3d9c394451.jpg,4,2,210 m²,120 m²,1,Rumah,SHM - Sertifikat Hak Milik,1300 Watt,,,,,Unfurnished,1,,,,,,Butuh Renovasi,Dijual
1449,Rumah minimalis dan di hook serta  di sepinggan Semi Furnished,Rp 750 Juta,"Sepinggan, Balikpapan",https://www.rumah123.com//properti/balikpapan/hos10636756/,https://picture.rumah123.com/r123-images/720x420-crop/customer/1655652/2022-07-16-00-26-32-fda6f829-8f58-43f0-a65e-1cc1655dffd8.jpg,2,1,113 m²,36 m²,1,Rumah,SHM - Sertifikat Hak Milik,3500 Watt,,,,,Semi Furnished,1,,,,,,,Dijual
1450,Rumah mewah full Furnished di perumahan borneo paradiso,"Rp 1,2 Miliar","Sepinggan, Balikpapan",https://www.rumah123.com//properti/balikpapan/hos10636732/,https://picture.rumah123.com/r123-images/720x420-crop/customer/1655652/2022-07-16-00-06-43-7c1e70de-b4a5-451e-a490-9918c9a01828.jpg,3,2,162 m²,72 m²,1,Rumah,SHM - Sertifikat Hak Milik,2200 Watt,,,,,Furnished,2,,,,,,,Dijual
1451,RUMAH CANTIK DI PERUMAHAN ELITE CIPUTRA,"Rp 4,5 Miliar","Balikpapan Selatan, Balikpapan",https://www.rumah123.com//properti/balikpapan/hos10210807/,https://picture.rumah123.com/r123/720x420-crop/house/ho10/10210807/original/hos10210807-rumah-di-jual-di-balikpapan-selatan-balikpapan-1679984782.jpg,4,2,356 m²,199 m²,,Rumah,SHM - Sertifikat Hak Milik,5500 Watt,,,,,,,,,,,,,Dijual
1452,RUMAH HOOK EMPAT KAMAR TIDUR DALAM PERUMAHAN BALIKPAPAN,Rp 975 Juta,"Balikpapan Selatan, Balikpapan",https://www.rumah123.com//properti/balikpapan/hos10087129/,https://picture.rumah123.com/r123/720x420-crop/house/ho10/10087129/original/hos10087129-rumah-di-jual-di-balikpapan-selatan-balikpapan-1650088224.jpg,4,2,163 m²,100 m²,,Rumah,SHM - Sertifikat Hak Milik,1300 Watt,,,Tidak,Tidak,,,,Tidak,,,Tidak,,Dijual
1453,CANTIK TIGA KAMAR SIAP HUNI,Rp 800 Juta,"Balikpapan Selatan, Balikpapan",https://www.rumah123.com//properti/balikpapan/hos10086964/,https://picture.rumah123.com/r123/720x420-crop/house/ho10/10086964/original/hos10086964-rumah-di-jual-di-balikpapan-selatan-balikpapan-1703826610.jpg,3,1,105 m²,105 m²,,Rumah,SHM - Sertifikat Hak Milik,1300 Watt,,,,,,,,,,,,,Dijual
1454,CANTIK BARU JADI DEKET RS SILOAM,"Rp 1,8 Miliar","Balikpapan Selatan, Balikpapan",https://www.rumah123.com//properti/balikpapan/hos9912493/,https://picture.rumah123.com/r123/720x420-crop/house/ho99/9912493/original/hos9912493-rumah-di-jual-di-balikpapan-selatan-balikpapan-1703827373.jpg,3,3,326 m²,300 m²,,Rumah,SHM - Sertifikat Hak Milik,4400 Watt,1,,,,,,,,,,,,Dijual
1455,BESAR DAN MEGAH DALAM CLUSTER,"Rp 2,8 Miliar","Balikpapan Selatan, Balikpapan",https://www.rumah123.com//properti/balikpapan/hos9629167/,https://picture.rumah123.com/r123/720x420-crop/house/ho96/9629167/original/hos9629167-rumah-di-jual-di-balikpapan-selatan-balikpapan-1703827369.jpg,5,4,200 m²,298 m²,,Rumah,SHM - Sertifikat Hak Milik,5500 Watt,2,,,,,,,,,,,,Dijual
1456,SEGERA MILIKI HARGA TERBAIK,Rp 900 Juta,"Balikpapan Selatan, Balikpapan",https://www.rumah123.com//properti/balikpapan/hos9504828/,https://picture.rumah123.com/r123/720x420-crop/house/ho95/9504828/original/hos9504828-rumah-di-jual-di-balikpapan-selatan-balikpapan-1703827372.jpg,3,2,162 m²,105 m²,,Rumah,SHM - Sertifikat Hak Milik,1300 Watt,1,,,,,,,,,,,,Dijual
1457,DI JUAL RUMAH DUA LANTAI DI KAWASAN PERUMAHAN DAUN VILLAGE,Rp 950 Juta,"Balikpapan Selatan, Balikpapan",https://www.rumah123.com//properti/balikpapan/hos9465389/,https://picture.rumah123.com/r123/720x420-crop/house/ho94/9465389/original/hos9465389-rumah-di-jual-di-balikpapan-selatan-balikpapan-1641618642.jpg,3,2,112 m²,85 m²,,Rumah,SHM - Sertifikat Hak Milik,2200 Watt,,,Tidak,Tidak,,,,Tidak,,,Tidak,,Dijual
1458,Rumah cantik Perumnas ,Rp 850 Juta,"Balikpapan Utara, Balikpapan",https://www.rumah123.com//properti/balikpapan/hos9430386/,https://picture.rumah123.com/r123/720x420-crop/house/ho94/9430386/original/hos9430386-rumah-di-jual-di-balikpapan-selatan-di-balikpapan-16410384468462.jpg,3,2,149 m²,205 m²,,Rumah,SHM - Sertifikat Hak Milik,,,,,,Unfurnished,1,,,,,,Bagus,Dijual
1459,KAWASAN HUNIAN NYAMAN DAN AMAN DI TIMUR  KOTA BALIKPAPAN,Rp 545 Juta,"Balikpapan Timur, Balikpapan",https://www.rumah123.com//properti/balikpapan/hos9151713/,https://picture.rumah123.com/r123/720x420-crop/house/ho91/9151713/original/hos9151713-rumah-di-jual-di-balikpapan-timur-balikpapan-1636778179.jpg,2,1,104 m²,45 m²,,Rumah,SHM - Sertifikat Hak Milik,1300 Watt,,,,,,,,,,,,,Dijual
1460,Bagus Terawat dan Besar,"Rp 1,6 Miliar","Balikpapan Tengah, Balikpapan",https://www.rumah123.com//properti/balikpapan/hos9151139/,https://picture.rumah123.com/r123/720x420-crop/house/ho91/9151139/original/hos9151139-rumah-di-jual-di-balikpapan-tengah-balikpapan-1703831248.jpg,3,2,120 m²,128 m²,,Rumah,SHM - Sertifikat Hak Milik,2200 Watt,,,,,,,,,,,,,Dijual
1461,RUMAH LUAS TERAWAT DALAM PERUMAHAN DI BALIKPAPAN,"Rp 1,85 Miliar","Balikpapan Utara, Balikpapan",https://www.rumah123.com//properti/balikpapan/hos8827526/,https://picture.rumah123.com/r123/720x420-crop/house/ho88/8827526/original/hos8827526-rumah-di-jual-di-balikpapan-utara-balikpapan-1631327326.jpg,4,2,215 m²,300 m²,,Rumah,SHM - Sertifikat Hak Milik,3500 Watt,1,,,,,,,,,,,,Dijual
1462,Rumah Murah Harga Nego Dalam Perumahan,Rp 150 Juta,"Balikpapan Timur, Balikpapan",https://www.rumah123.com//properti/balikpapan/hos8685808/,https://picture.rumah123.com/r123/720x420-crop/house/ho86/8685808/original/hos8685808-rumah-di-jual-di-balikpapan-timur-balikpapan-16287647172791.jpg,2,1,120 m²,36 m²,,Rumah,SHM - Sertifikat Hak Milik,900 Watt,,,Tidak,Tidak,Unfurnished,1,Pemukiman Warga,Ya,,,Tidak,Butuh Renovasi,Dijual
1463,Perumahan Elit Pupuk Kaltim,"Rp 2,7 Miliar","Balikpapan Selatan, Balikpapan",https://www.rumah123.com//properti/balikpapan/hos8219826/,https://picture.rumah123.com/r123/720x420-crop/house/ho82/8219826/original/hos8219826-rumah-di-jual-di-balikpapan-selatan-balikpapan-1703827364.jpg,3,3,374 m²,200 m²,,Rumah,SHM - Sertifikat Hak Milik,6600 Watt,1,,,,,,,,,,,,Dijual
1464,Rumah Baru Minimalis Kpr Tanpa Dp,Rp 395 Juta,"Balikpapan Utara, Balikpapan",https://www.rumah123.com//properti/balikpapan/hos8186149/,https://picture.rumah123.com/r123/720x420-crop/house/ho81/8186149/original/hos8186149-rumah-di-jual-di-balikpapan-utara-balikpapan-16284098149928.jpg,2,1,72 m²,45 m²,1,Rumah,SHM - Sertifikat Hak Milik,1300 Watt,,1,Tidak,Ya,Unfurnished,1,Pemukiman Warga,Ya,,PAM atau PDAM,Ya,Baru,Dijual
1465,BALIKPAPAN POKA (Y140),"Rp 2,1 Miliar","Sepinggan, Balikpapan",https://www.rumah123.com//properti/balikpapan/hos7941758/,https://picture.rumah123.com/r123/720x420-crop/house/ho79/7941758/original/hos7941758-rumah-di-jual-di-sepinggan-balikpapan-1613803545.jpg,5,2,403 m²,200 m²,,Rumah,SHM - Sertifikat Hak Milik,2200 Watt,,,,,,,,,,,,,Dijual
1466,Rumah cantik tanah luas,"Rp 2,5 Miliar","Balikpapan Selatan, Balikpapan",https://www.rumah123.com//properti/balikpapan/hos7790080/,https://picture.rumah123.com/r123/720x420-crop/house/ho77/7790080/original/hos7790080-rumah-di-jual-di-balikpapan-selatan-balikpapan-16107687459208.jpg,3,3,600 m²,200 m²,,Rumah,SHM - Sertifikat Hak Milik,,,,,,Unfurnished,1,,,,,,Bagus,Dijual
