,judul,hyperlink,img_hyperlinks,Judul,Harga,Lokasi,Kamar Tidur,Kamar Mandi,Luas Tanah,Luas Bangunan,Carport,Tipe Properti,Sertifikat,Daya Listrik,Kamar Pembantu,Dapur,Ruang Makan,Ruang Tamu,Kondisi Perabotan,Jumlah Lantai,Pemandangan,Terjangkau Internet,Lebar Jalan,Sumber Air,Hook,Kondisi Properti,Tipe Iklan
0,"BALIKPAPAN, RUMAH CANTIK FULL FURNISH (Y359)",https://www.rumah123.com//properti/balikpapan/hos16101956/,https://picture.rumah123.com/r123/720x420-crop/house/ho16/16101956/original/hos16101956-rumah-di-jual-di-damai-balikpapan-1705646792.jpg,"BALIKPAPAN, RUMAH CANTIK FULL FURNISH (Y359)","Rp 2,4 Miliar","Damai, Balikpapan",2,3,144 m²,250 m²,,Rumah,HGB - Hak Guna Bangunan,2200 Watt,,,,,,,,,,,,,Dijual
1,"BALIKPAPAN, RUMAH CANTIK FULL FURNISH (Y359)",https://www.rumah123.com//properti/balikpapan/hos16122251/,https://picture.rumah123.com/r123/720x420-crop/house/ho16/16122251/original/hos16122251-rumah-di-jual-di-damai-balikpapan-1705882031.jpg,"BALIKPAPAN, RUMAH CANTIK FULL FURNISH (Y359)","Rp 2,4 Miliar","Damai, Balikpapan",2,3,144 m²,250 m²,,Rumah,HGB - Hak Guna Bangunan,2200 Watt,,,,,,,,,,,,,Dijual
2,"BALIKPAPAN, RUMAH CANTIK FULL FURNISH (Y359)",https://www.rumah123.com//properti/balikpapan/hos16108634/,https://picture.rumah123.com/r123/720x420-crop/house/ho16/16108634/original/hos16108634-rumah-di-jual-di-damai-balikpapan-1705709528.jpg,"BALIKPAPAN, RUMAH CANTIK FULL FURNISH (Y359)","Rp 2,4 Miliar","Damai, Balikpapan",2,3,144 m²,250 m²,,Rumah,HGB - Hak Guna Bangunan,2200 Watt,,,,,,,,,,,,,Dijual
3,CEPAT RUMAH CANTIK SEMI FURNISHED,https://www.rumah123.com//properti/balikpapan/hos15729048/,https://picture.rumah123.com/r123/720x420-crop/house/ho15/15729048/original/hos15729048-rumah-di-jual-di-balikpapan-utara-balikpapan-1702018779.jpg,CEPAT RUMAH CANTIK SEMI FURNISHED,Rp 675 Juta,"Balikpapan Utara, Balikpapan",2,1,110 m²,110 m²,,Rumah,SHM - Sertifikat Hak Milik,1300 Watt,,,,,,,,,,,,,Dijual
4,CEPAT RUMAH CANTIK SEMI FURNISHED,https://www.rumah123.com//properti/balikpapan/hos16122241/,https://picture.rumah123.com/r123/720x420-crop/house/ho16/16122241/original/hos16122241-rumah-di-jual-di-balikpapan-utara-balikpapan-1705881837.jpg,CEPAT RUMAH CANTIK SEMI FURNISHED,Rp 675 Juta,"Balikpapan Utara, Balikpapan",2,1,110 m²,110 m²,,Rumah,SHM - Sertifikat Hak Milik,1300 Watt,,,,,,,,,,,,,Dijual
5,BALIKPAPAN PERUMAHAN REGENCY,https://www.rumah123.com//properti/balikpapan/hos14863499/,https://picture.rumah123.com/r123/720x420-crop/house/ho14/14863499/original/hos14863499-rumah-di-jual-di-balikpapan-selatan-balikpapan-1695342000.jpg,BALIKPAPAN PERUMAHAN REGENCY,Rp 450 Juta,"Balikpapan Selatan, Balikpapan",2,1,72 m²,90 m²,,Rumah,SHM - Sertifikat Hak Milik,1300 Watt,,,,,,,,,,,,,Dijual
6,BALIKPAPAN PERUMAHAN REGENCY,https://www.rumah123.com//properti/balikpapan/hos14921618/,https://picture.rumah123.com/r123/720x420-crop/house/ho14/14921618/original/hos14921618-rumah-di-jual-di-balikpapan-selatan-balikpapan-1695773150.jpg,BALIKPAPAN PERUMAHAN REGENCY,Rp 450 Juta,"Balikpapan Selatan, Balikpapan",2,1,72 m²,90 m²,,Rumah,SHM - Sertifikat Hak Milik,1300 Watt,,,,,,,,,,,,,Dijual
7,BALIKPAPAN PERUMAHAN REGENCY,https://www.rumah123.com//properti/balikpapan/hos14686956/,https://picture.rumah123.com/r123/720x420-crop/house/ho14/14686956/original/hos14686956-rumah-di-jual-di-balikpapan-selatan-balikpapan-1693890696.jpg,BALIKPAPAN PERUMAHAN REGENCY,Rp 450 Juta,"Balikpapan Selatan, Balikpapan",2,1,72 m²,90 m²,,Rumah,SHM - Sertifikat Hak Milik,1300 Watt,,,,,,,,,,,,,Dijual
8,BALIKPAPAN PERUMAHAN REGENCY,https://www.rumah123.com//properti/balikpapan/hos15746342/,https://picture.rumah123.com/r123/720x420-crop/house/ho15/15746342/original/hos15746342-rumah-di-jual-di-balikpapan-selatan-balikpapan-1702254021.jpg,BALIKPAPAN PERUMAHAN REGENCY,Rp 450 Juta,"Balikpapan Selatan, Balikpapan",2,1,72 m²,90 m²,,Rumah,SHM - Sertifikat Hak Milik,1300 Watt,,,,,,,,,,,,,Dijual
9,BALIKPAPAN PERUMAHAN REGENCY,https://www.rumah123.com//properti/balikpapan/hos15122378/,https://picture.rumah123.com/r123/720x420-crop/house/ho15/15122378/original/hos15122378-rumah-di-jual-di-balikpapan-selatan-balikpapan-1697267108.jpg,BALIKPAPAN PERUMAHAN REGENCY,Rp 450 Juta,"Balikpapan Selatan, Balikpapan",2,1,72 m²,90 m²,,Rumah,SHM - Sertifikat Hak Milik,1300 Watt,,,,,,,,,,,,,Dijual
10,"BALIKPAPAN BARU,  RUMAH COCOK UNTUK MESS",https://www.rumah123.com//properti/balikpapan/hos10787701/,https://picture.rumah123.com/r123/720x420-crop/house/ho10/10787701/original/hos10787701-rumah-di-jual-di-balikpapan-baru-balikpapan-1659662489.jpg,"BALIKPAPAN BARU,  RUMAH COCOK UNTUK MESS","Rp 2,3 Miliar","Balikpapan Selatan, Balikpapan",6,2,234 m²,156 m²,,Rumah,SHM - Sertifikat Hak Milik,2200 Watt,,,,,,,,,,,,,Dijual
11,"BALIKPAPAN BARU,  RUMAH COCOK UNTUK MESS",https://www.rumah123.com//properti/balikpapan/hos9254804/,https://picture.rumah123.com/r123/720x420-crop/house/ho92/9254804/original/hos9254804-rumah-di-jual-di-balikpapan-selatan-balikpapan-1638251859.jpg,"BALIKPAPAN BARU,  RUMAH COCOK UNTUK MESS","Rp 2,3 Miliar","Balikpapan Selatan, Balikpapan",6,2,234 m²,156 m²,,Rumah,SHM - Sertifikat Hak Milik,2200 Watt,,,,,,,,,,,,,Dijual
12,RUMAH TINGKAT TERAWAT,https://www.rumah123.com//properti/balikpapan/hos10082604/,https://picture.rumah123.com/r123/720x420-crop/house/ho10/10082604/original/hos10082604-rumah-di-jual-di-balikpapan-utara-balikpapan-1650005189.jpg,RUMAH TINGKAT TERAWAT,Rp 875 Juta,"Batu Ampar, Balikpapan",3,4,170 m²,170 m²,,Rumah,SHM - Sertifikat Hak Milik,3500 Watt,,,,,,,,,,,,,Dijual
13,RUMAH TINGKAT TERAWAT,https://www.rumah123.com//properti/balikpapan/hos10200420/,https://picture.rumah123.com/r123/720x420-crop/house/ho10/10200420/original/hos10200420-rumah-di-jual-di-batu-ampar-balikpapan-1652148587.jpg,RUMAH TINGKAT TERAWAT,Rp 875 Juta,"Batu Ampar, Balikpapan",3,4,170 m²,170 m²,,Rumah,SHM - Sertifikat Hak Milik,3500 Watt,,,,,,,,,,,,,Dijual
14,GRAHA INDAH,https://www.rumah123.com//properti/balikpapan/hos9907439/,https://picture.rumah123.com/r123/720x420-crop/house/ho99/9907439/original/hos9907439-rumah-di-jual-di-balikpapan-utara-balikpapan-1647595274.jpg,GRAHA INDAH,Rp 600 Juta,"Balikpapan Utara, Balikpapan",3,1,108 m²,100 m²,,Rumah,SHM - Sertifikat Hak Milik,1300 Watt,,,,,,,,,,,,,Dijual
15,GRAHA INDAH,https://www.rumah123.com//properti/balikpapan/hos10734636/,https://picture.rumah123.com/r123/720x420-crop/house/ho10/10734636/original/hos10734636-rumah-di-jual-di-balikpapan-utara-balikpapan-1659025655.jpg,GRAHA INDAH,Rp 600 Juta,"Balikpapan Utara, Balikpapan",3,1,108 m²,100 m²,,Rumah,SHM - Sertifikat Hak Milik,1300 Watt,,,,,,,,,,,,,Dijual
16,GRAHA INDAH,https://www.rumah123.com//properti/balikpapan/hos12238524/,https://picture.rumah123.com/r123/720x420-crop/house/ho12/12238524/original/hos12238524-rumah-di-jual-di-balikpapan-utara-balikpapan-1672201050.jpg,GRAHA INDAH,Rp 600 Juta,"Balikpapan Utara, Balikpapan",3,1,108 m²,100 m²,,Rumah,SHM - Sertifikat Hak Milik,1300 Watt,,,,,,,,,,,,,Dijual
17,GRAHA INDAH,https://www.rumah123.com//properti/balikpapan/hos15598218/,https://picture.rumah123.com/r123/720x420-crop/house/ho15/15598218/original/hos15598218-rumah-di-jual-di-balikpapan-utara-balikpapan-1701074226.jpg,GRAHA INDAH,Rp 600 Juta,"Balikpapan Utara, Balikpapan",3,1,108 m²,100 m²,,Rumah,SHM - Sertifikat Hak Milik,1300 Watt,,,,,,,,,,,,,Dijual
18,RUMAH NYAMAN TANAH LUAS,https://www.rumah123.com//properti/balikpapan/hos15094195/,https://picture.rumah123.com/r123/720x420-crop/house/ho15/15094195/original/hos15094195-rumah-di-jual-di-balikpapan-utara-balikpapan-1697099142.jpg,RUMAH NYAMAN TANAH LUAS,"Rp 1,25 Miliar","Balikpapan Utara, Balikpapan",3,2,395 m²,121 m²,,Rumah,SHM - Sertifikat Hak Milik,2200 Watt,,,Tidak,Tidak,,,,Tidak,,,Tidak,,Dijual
19,RUMAH NYAMAN TANAH LUAS,https://www.rumah123.com//properti/balikpapan/hos16216976/,https://picture.rumah123.com/r123/720x420-crop/house/ho16/16216976/original/hos16216976-rumah-di-jual-di-balikpapan-utara-balikpapan-1706595377.jpg,RUMAH NYAMAN TANAH LUAS,"Rp 1,25 Miliar","Balikpapan Utara, Balikpapan",3,2,395 m²,121 m²,,Rumah,SHM - Sertifikat Hak Milik,2200 Watt,,,Tidak,Tidak,,,,Tidak,,,Tidak,,Dijual
20,RUMAH NYAMAN TANAH LUAS,https://www.rumah123.com//properti/balikpapan/hos16122236/,https://picture.rumah123.com/r123/720x420-crop/house/ho16/16122236/original/hos16122236-rumah-di-jual-di-balikpapan-utara-balikpapan-1705881682.jpg,RUMAH NYAMAN TANAH LUAS,"Rp 1,25 Miliar","Balikpapan Utara, Balikpapan",3,2,395 m²,121 m²,,Rumah,SHM - Sertifikat Hak Milik,2200 Watt,,,Tidak,Tidak,,,,Tidak,,,Tidak,,Dijual
21,di  Rumah Nyaman Kawasan Elite Citra Bukit Indah Ciputra BDI,https://www.rumah123.com//properti/balikpapan/hos14772378/,https://picture.rumah123.com/r123/720x420-crop/house/ho14/14772378/original/hos14772378-rumah-di-jual-di-balikpapan-selatan-balikpapan-1694654580.jpg,di  Rumah Nyaman Kawasan Elite Citra Bukit Indah Ciputra BDI,Rp 975 Juta,"Balikpapan Selatan, Balikpapan",2,1,90 m²,55 m²,,Rumah,SHM - Sertifikat Hak Milik,2200 Watt,,,,,,,,,,,,,Dijual
22,di  Rumah Nyaman Kawasan Elite Citra Bukit Indah Ciputra BDI,https://www.rumah123.com//properti/balikpapan/hos15130985/,https://picture.rumah123.com/r123/720x420-crop/house/ho15/15130985/original/hos15130985-rumah-di-jual-di-balikpapan-selatan-balikpapan-1697418278.jpg,di  Rumah Nyaman Kawasan Elite Citra Bukit Indah Ciputra BDI,Rp 975 Juta,"Balikpapan Selatan, Balikpapan",2,1,90 m²,55 m²,,Rumah,SHM - Sertifikat Hak Milik,2200 Watt,,,,,,,,,,,,,Dijual
23,RUMAH TIGA KAMAR TIDUR DALAM PERUMAHAN ELITE BALIKPAPAN,https://www.rumah123.com//properti/balikpapan/hos9026507/,https://picture.rumah123.com/r123/720x420-crop/house/ho90/9026507/original/hos9026507-rumah-di-jual-di-balikpapan-selatan-balikpapan-1634775673.jpg,RUMAH TIGA KAMAR TIDUR DALAM PERUMAHAN ELITE BALIKPAPAN,"Rp 1,33 Miliar","Balikpapan Selatan, Balikpapan",3,2,120 m²,120 m²,,Rumah,SHM - Sertifikat Hak Milik,3500 Watt,1,,,,,,,,,,,,Dijual
24,RUMAH TIGA KAMAR TIDUR DALAM PERUMAHAN ELITE BALIKPAPAN,https://www.rumah123.com//properti/balikpapan/hos9018961/,https://picture.rumah123.com/r123/720x420-crop/house/ho90/9018961/original/hos9018961-rumah-di-jual-di-balikpapan-selatan-balikpapan-1634616471.jpg,RUMAH TIGA KAMAR TIDUR DALAM PERUMAHAN ELITE BALIKPAPAN,"Rp 1,33 Miliar","Balikpapan Selatan, Balikpapan",3,2,120 m²,120 m²,,Rumah,SHM - Sertifikat Hak Milik,3500 Watt,1,,,,,,,,,,,,Dijual
25,RUMAH TUMBUH BARU DUA LANTAI TIGA KAMAR TIDUR DALAM PERUMAHAN ELITE BALIKPAPAN,https://www.rumah123.com//properti/balikpapan/hos15828612/,https://picture.rumah123.com/r123/720x420-crop/house/ho15/15828612/original/hos15828612-rumah-di-jual-di-balikpapan-utara-balikpapan-1703031422.jpg,RUMAH TUMBUH BARU DUA LANTAI TIGA KAMAR TIDUR DALAM PERUMAHAN ELITE BALIKPAPAN,"Rp 2,1 Miliar","Balikpapan Utara, Balikpapan",3,3,140 m²,70 m²,,Rumah,SHM - Sertifikat Hak Milik,2200 Watt,,,,,,,,,,,,,Dijual
26,RUMAH TUMBUH BARU DUA LANTAI TIGA KAMAR TIDUR DALAM PERUMAHAN ELITE BALIKPAPAN,https://www.rumah123.com//properti/balikpapan/hos15130845/,https://picture.rumah123.com/r123/720x420-crop/house/ho15/15130845/original/hos15130845-rumah-di-jual-di-balikpapan-utara-balikpapan-1697416471.jpg,RUMAH TUMBUH BARU DUA LANTAI TIGA KAMAR TIDUR DALAM PERUMAHAN ELITE BALIKPAPAN,"Rp 2,1 Miliar","Balikpapan Utara, Balikpapan",3,3,140 m²,70 m²,,Rumah,SHM - Sertifikat Hak Milik,2200 Watt,,,,,,,,,,,,,Dijual
27,"BALIKPAPAN, RUMAH CANTIK DAN NYAMAN DI KILO 10",https://www.rumah123.com//properti/balikpapan/hos15767170/,https://picture.rumah123.com/r123/720x420-crop/house/ho15/15767170/original/hos15767170-rumah-di-jual-di-balikpapan-utara-balikpapan-1702426416.jpg,"BALIKPAPAN, RUMAH CANTIK DAN NYAMAN DI KILO 10",Rp 750 Juta,"Balikpapan Utara, Balikpapan",3,3,144 m²,200 m²,,Rumah,SHM - Sertifikat Hak Milik,3500 Watt,,,,,,,,,,,,,Dijual
28,"BALIKPAPAN, RUMAH CANTIK DAN NYAMAN DI KILO 10",https://www.rumah123.com//properti/balikpapan/hos15751096/,https://picture.rumah123.com/r123/720x420-crop/house/ho15/15751096/original/hos15751096-rumah-di-jual-di-balikpapan-utara-balikpapan-1702279903.jpg,"BALIKPAPAN, RUMAH CANTIK DAN NYAMAN DI KILO 10",Rp 750 Juta,"Balikpapan Utara, Balikpapan",3,3,144 m²,200 m²,,Rumah,SHM - Sertifikat Hak Milik,3500 Watt,,,,,,,,,,,,,Dijual
29,SEPINGGAN PRATAMA,https://www.rumah123.com//properti/balikpapan/hos15239143/,https://picture.rumah123.com/r123/720x420-crop/house/ho15/15239143/original/hos15239143-rumah-di-jual-di-sepinggan-balikpapan-1698195925.jpg,SEPINGGAN PRATAMA,Rp 700 Juta,"Balikpapan Selatan, Balikpapan",2,2,150 m²,150 m²,,Rumah,SHM - Sertifikat Hak Milik,2200 Watt,1,,,,,,,,,,,,Dijual
30,SEPINGGAN PRATAMA,https://www.rumah123.com//properti/balikpapan/hos15598011/,https://picture.rumah123.com/r123/720x420-crop/house/ho15/15598011/original/hos15598011-rumah-di-jual-di-balikpapan-selatan-balikpapan-1701074160.jpg,SEPINGGAN PRATAMA,Rp 700 Juta,"Balikpapan Selatan, Balikpapan",2,2,150 m²,150 m²,,Rumah,SHM - Sertifikat Hak Milik,2200 Watt,1,,,,,,,,,,,,Dijual
31,RUMAH MINIMALIS SIAP HUNI,https://www.rumah123.com//properti/balikpapan/hos11728421/,https://picture.rumah123.com/r123/720x420-crop/house/ho11/11728421/original/hos11728421-rumah-di-jual-di-balikpapan-baru-balikpapan-1667976678.jpg,RUMAH MINIMALIS SIAP HUNI,"Rp 1,3 Miliar","Balikpapan Baru, Balikpapan",2,1,130 m²,81 m²,,Rumah,SHM - Sertifikat Hak Milik,1300 Watt,,,,,,,,,,,,,Dijual
32,RUMAH MINIMALIS SIAP HUNI,https://www.rumah123.com//properti/balikpapan/hos15053082/,https://picture.rumah123.com/r123/720x420-crop/house/ho15/15053082/original/hos15053082-rumah-di-jual-di-balikpapan-baru-balikpapan-1696837743.jpg,RUMAH MINIMALIS SIAP HUNI,"Rp 1,3 Miliar","Balikpapan Baru, Balikpapan",2,1,130 m²,81 m²,,Rumah,SHM - Sertifikat Hak Milik,1300 Watt,,,,,,,,,,,,,Dijual
33,HUNIAN DENGAN SMART HOME SYSTEM DESAIN MINIMALIS LOKASI AMAN NYAMAN DAN MODERN,https://www.rumah123.com//properti/balikpapan/hos15299598/,https://picture.rumah123.com/r123/720x420-crop/house/ho15/15299598/original/hos15299598-rumah-di-jual-di-balikpapan-utara-balikpapan-1698718037.jpg,HUNIAN DENGAN SMART HOME SYSTEM DESAIN MINIMALIS LOKASI AMAN NYAMAN DAN MODERN,"Rp 1,75 Miliar","Balikpapan Utara, Balikpapan",3,3,98 m²,88 m²,,Rumah,SHM - Sertifikat Hak Milik,1300 Watt,,,Tidak,Tidak,,,,Tidak,,,Tidak,,Dijual
34,HUNIAN DENGAN SMART HOME SYSTEM DESAIN MINIMALIS LOKASI AMAN NYAMAN DAN MODERN,https://www.rumah123.com//properti/balikpapan/hos15372339/,https://picture.rumah123.com/r123/720x420-crop/house/ho15/15372339/original/hos15372339-rumah-di-jual-di-balikpapan-utara-balikpapan-1699259835.jpg,HUNIAN DENGAN SMART HOME SYSTEM DESAIN MINIMALIS LOKASI AMAN NYAMAN DAN MODERN,"Rp 1,75 Miliar","Balikpapan Utara, Balikpapan",3,3,98 m²,88 m²,,Rumah,SHM - Sertifikat Hak Milik,1300 Watt,,,Tidak,Tidak,,,,Tidak,,,Tidak,,Dijual
35,RUMAH HOOK BISA UNTUK TEMPAT USAHA,https://www.rumah123.com//properti/balikpapan/hos10200431/,https://picture.rumah123.com/r123/720x420-crop/house/ho10/10200431/original/hos10200431-rumah-di-jual-di-balikpapan-timur-balikpapan-1652148714.jpg,RUMAH HOOK BISA UNTUK TEMPAT USAHA,Rp 450 Juta,"Balikpapan Timur, Balikpapan",4,2,74 m²,74 m²,,Rumah,SHM - Sertifikat Hak Milik,2200 Watt,,,,,,,,,,,,,Dijual
36,RUMAH ELIT DUA LANTAI DI PERUMAHAN CIPUTRA,https://www.rumah123.com//properti/balikpapan/hos9678426/,https://picture.rumah123.com/r123/720x420-crop/house/ho96/9678426/original/hos9678426-rumah-di-jual-di-balikpapan-selatan-balikpapan-1644636056.jpg,RUMAH ELIT DUA LANTAI DI PERUMAHAN CIPUTRA,"Rp 5,5 Miliar","Balikpapan Selatan, Balikpapan",4,3,500 m²,250 m²,,Rumah,SHM - Sertifikat Hak Milik,5500 Watt,1,,Tidak,Tidak,,,,Tidak,,,Tidak,,Dijual
37,RUMAH STRATEGIS DI KAWASAN PERUMAHAN BUKIT DAMAI INDAH,https://www.rumah123.com//properti/balikpapan/hos9758569/,https://picture.rumah123.com/r123/720x420-crop/house/ho97/9758569/original/hos9758569-rumah-di-jual-di-balikpapan-selatan-balikpapan-1645599673.jpg,RUMAH STRATEGIS DI KAWASAN PERUMAHAN BUKIT DAMAI INDAH,"Rp 1,2 Miliar","Balikpapan Selatan, Balikpapan",4,2,144 m²,100 m²,,Rumah,SHM - Sertifikat Hak Milik,1300 Watt,,,Tidak,Tidak,,,,Tidak,,,Tidak,,Dijual
38,RUMAH BALIKPAPAN BORNEO PARADISO DEKAT PINTU TOL MANGGAR LUAS 4KT,https://www.rumah123.com//properti/balikpapan/hos9707435/,https://picture.rumah123.com/r123/720x420-crop/house/ho97/9707435/original/hos9707435-rumah-di-jual-di-balikpapan-timur-balikpapan-1644914712.jpg,RUMAH BALIKPAPAN BORNEO PARADISO DEKAT PINTU TOL MANGGAR LUAS 4KT,"Rp 1,2 Miliar","Balikpapan Timur, Balikpapan",4,3,180 m²,90 m²,,Rumah,SHM - Sertifikat Hak Milik,2200 Watt,,,,,,,,,,,,,Dijual
39,RUMAH BALIKPAPAN TIMUR BORNEO PARADISO BATAKAN DEKAT PINTU TOL (RE16),https://www.rumah123.com//properti/balikpapan/hos9705997/,https://picture.rumah123.com/r123/720x420-crop/house/ho97/9705997/original/hos9705997-rumah-di-jual-di-balikpapan-timur-balikpapan-1644906161.jpg,RUMAH BALIKPAPAN TIMUR BORNEO PARADISO BATAKAN DEKAT PINTU TOL (RE16),Rp 595 Juta,"Balikpapan Timur, Balikpapan",2,1,108 m²,45 m²,,Rumah,SHM - Sertifikat Hak Milik,1300 Watt,,,,,,,,,,,,,Dijual
40,"BALIKPAPAN , PASAR BARU (Y174) KOS2AN DITENGAH KOTA BALIKPAPAN",https://www.rumah123.com//properti/balikpapan/hos9698476/,https://picture.rumah123.com/r123/720x420-crop/house/ho96/9698476/original/hos9698476-rumah-di-jual-di-klandasan-ilir-balikpapan-1644833530.jpg,"BALIKPAPAN , PASAR BARU (Y174) KOS2AN DITENGAH KOTA BALIKPAPAN","Rp 7,5 Miliar","Klandasan Ilir, Balikpapan",5,3,644 m²,400 m²,,Rumah,SHM - Sertifikat Hak Milik,3500 Watt,19,,,,,,,,,,,,Dijual
41,PERUMAHAN ELITE SIAP HUNI,https://www.rumah123.com//properti/balikpapan/hos9517149/,https://picture.rumah123.com/r123/720x420-crop/house/ho95/9517149/original/hos9517149-rumah-di-jual-di-balikpapan-selatan-balikpapan-1642471663.jpg,PERUMAHAN ELITE SIAP HUNI,"Rp 1,6 Miliar","Balikpapan Selatan, Balikpapan",2,2,160 m²,135 m²,,Rumah,SHM - Sertifikat Hak Milik,2200 Watt,,,,,,,,,,,,,Dijual
42,DI JUAL RUMAH MEWAH DI KAWASAN PERUMAHAN MULAWARMAN,https://www.rumah123.com//properti/balikpapan/hos9478492/,https://picture.rumah123.com/r123/720x420-crop/house/ho94/9478492/original/hos9478492-rumah-di-jual-di-sepinggan-balikpapan-1641886664.jpg,DI JUAL RUMAH MEWAH DI KAWASAN PERUMAHAN MULAWARMAN,Rp 10 Miliar,"Sepinggan, Balikpapan",4,5,826 m²,998 m²,,Rumah,SHM - Sertifikat Hak Milik,4400 Watt,,,Tidak,Tidak,,,,Tidak,,,Tidak,,Dijual
43,HARGA BERSAING SIAP HUNI MODEL KLASIK,https://www.rumah123.com//properti/balikpapan/hos9442511/,https://picture.rumah123.com/r123/720x420-crop/house/ho94/9442511/original/hos9442511-rumah-di-jual-di-balikpapan-selatan-balikpapan-1703832586.jpg,HARGA BERSAING SIAP HUNI MODEL KLASIK,Rp 650 Juta,"Balikpapan Selatan, Balikpapan",4,3,150 m²,120 m²,,Rumah,SHM - Sertifikat Hak Milik,2200 Watt,,,,,,,,,,,,,Dijual
44,RUMAH NYAMAN DIKOMPLEX ELITE,https://www.rumah123.com//properti/balikpapan/hos9254712/,https://picture.rumah123.com/r123/720x420-crop/house/ho92/9254712/original/hos9254712-rumah-di-jual-di-balikpapan-selatan-balikpapan-1638251210.jpg,RUMAH NYAMAN DIKOMPLEX ELITE,Rp 1 Miliar,"Balikpapan Selatan, Balikpapan",2,1,120 m²,96 m²,,Rumah,SHM - Sertifikat Hak Milik,3500 Watt,1,,,,,,,,,,,,Dijual
45,DI JUAL CEPAT RUMAH STRATEGIS DI PERUMAHAN BALIKPAPAN BARU,https://www.rumah123.com//properti/balikpapan/hos9018979/,https://picture.rumah123.com/r123/720x420-crop/house/ho90/9018979/original/hos9018979-rumah-di-jual-di-damai-balikpapan-1679985393.jpg,DI JUAL CEPAT RUMAH STRATEGIS DI PERUMAHAN BALIKPAPAN BARU,"Rp 2,4 Miliar","Damai, Balikpapan",3,1,375 m²,74 m²,,Rumah,SHM - Sertifikat Hak Milik,1300 Watt,,,Tidak,Tidak,,,,Tidak,,,Tidak,,Dijual
46,RUMAH COCOK DI RENOVASI,https://www.rumah123.com//properti/balikpapan/hos8979613/,https://picture.rumah123.com/r123/720x420-crop/house/ho89/8979613/original/hos8979613-rumah-di-jual-di-balikpapan-selatan-balikpapan-1703832791.jpg,RUMAH COCOK DI RENOVASI,Rp 600 Juta,"Balikpapan Selatan, Balikpapan",2,1,105 m²,100 m²,,Rumah,SHM - Sertifikat Hak Milik,1300 Watt,,,,,,,,,,,,,Dijual
47,BALIKPAPAN RUMAH CANTIK DI TENGAH PUSAT KOTA,https://www.rumah123.com//properti/balikpapan/hos8942511/,https://picture.rumah123.com/r123/720x420-crop/house/ho89/8942511/original/hos8942511-rumah-di-jual-di-balikpapan-selatan-balikpapan-1633404393.jpg,BALIKPAPAN RUMAH CANTIK DI TENGAH PUSAT KOTA,"Rp 3,65 Miliar","Balikpapan Selatan, Balikpapan",3,2,288 m²,256 m²,,Rumah,SHM - Sertifikat Hak Milik,5500 Watt,1,,,,,,,,,,,,Dijual
48,BALIKPAPAN RUMAH HUNIAN KLASIK NYAMAN DAN AMAN,https://www.rumah123.com//properti/balikpapan/hos8840090/,https://picture.rumah123.com/r123/720x420-crop/house/ho88/8840090/original/hos8840090-rumah-di-jual-di-balikpapan-selatan-balikpapan-1631579075.jpg,BALIKPAPAN RUMAH HUNIAN KLASIK NYAMAN DAN AMAN,"Rp 1,2 Miliar","Balikpapan Selatan, Balikpapan",4,3,300 m²,184 m²,,Rumah,SHM - Sertifikat Hak Milik,2200 Watt,1,,,,,,,,,,,,Dijual
49,MINIMALIS DALAM PERUMAHAN,https://www.rumah123.com//properti/balikpapan/hos8642535/,https://picture.rumah123.com/r123/720x420-crop/house/ho86/8642535/original/hos8642535-rumah-di-jual-di-balikpapan-selatan-balikpapan-1703831252.jpg,MINIMALIS DALAM PERUMAHAN,"Rp 1,65 Miliar","Balikpapan Selatan, Balikpapan",5,4,152 m²,130 m²,,Rumah,SHM - Sertifikat Hak Milik,2200 Watt,,,,,,,,,,,,,Dijual
50,Rumah Balikpapan Baru,https://www.rumah123.com//properti/balikpapan/hos6487555/,https://picture.rumah123.com/r123/720x420-crop/house/ho64/6487555/original/hos6487555-rumah-di-jual-di-balikpapan-selatan-balikpapan-15880343319613.jpg,Rumah Balikpapan Baru,Rp 900 Juta,"Balikpapan Selatan, Balikpapan",2,1,120 m²,65 m²,,Rumah,SHM - Sertifikat Hak Milik,,,,,,Furnished,1,,,,,,Bagus,Dijual
51,Rumah modern minimalis Batakan Village,https://www.rumah123.com//properti/balikpapan/hos4489271/,https://picture.rumah123.com/r123/720x420-crop/house/ho44/4489271/original/hos4489271-rumah-di-jual-di-balikpapan-timur-balikpapan-15554143909871.jpg,Rumah modern minimalis Batakan Village,"Rp 1,7 Miliar","Balikpapan Timur, Balikpapan",3,2,136 m²,117 m²,,Rumah,SHM - Sertifikat Hak Milik,,,,,,,,,,,,,Bagus Sekali,Dijual
52,Rumah 2 lantai di Citra Bukit Indah Side View Danau,https://www.rumah123.com//properti/balikpapan/hos1890950/,https://picture.rumah123.com/r123-images/720x420-crop/customer/553144/2023-08-29-09-08-24-d9868864-78de-4a2c-a5fb-3071a7785167.jpg,Rumah 2 lantai di Citra Bukit Indah Side View Danau,"Rp 2,1 Miliar","Damai, Balikpapan",4,4,135 m²,125 m²,,Rumah,SHM - Sertifikat Hak Milik,,,,Tidak,Tidak,,1,,Tidak,,,Tidak,Bagus,Dijual
53,RUMAH MINIMALIS DEKAT RUMAH  SAKIT SILOAM,https://www.rumah123.com//properti/balikpapan/hos16211920/,https://picture.rumah123.com/r123-images/720x420-crop/customer/1929388/2024-01-29-23-35-59-3eca2c05-a4db-465b-99a4-48960d99ae74.jpg,RUMAH MINIMALIS DEKAT RUMAH  SAKIT SILOAM,"Rp 1,2 Miliar","Balikpapan Selatan, Balikpapan",4,2,120 m²,70 m²,2,Rumah,HGB - Hak Guna Bangunan,2200 Watt,,1,Ya,Ya,Semi Furnished,2,Perkotaan,Ya,2 Mobil,Sumur Galian,Tidak,Sudah Renovasi,Dijual
54,RUMAH BARU READY STOCK & SIAP HUNI BEBAS SEMUA BIAYA2 NYA,https://www.rumah123.com//properti/balikpapan/hos16202534/,https://picture.rumah123.com/r123/720x420-crop/house/ho16/16202534/original/hos16202534-rumah-di-jual-di-balikpapan-utara-balikpapan-1706516350.jpg,RUMAH BARU READY STOCK & SIAP HUNI BEBAS SEMUA BIAYA2 NYA,Rp 485 Juta,"Balikpapan Utara, Balikpapan",2,1,96 m²,45 m²,,Rumah,SHM - Sertifikat Hak Milik,1300 Watt,,,,,,,,,,,,,Dijual
55,"DI  RUMAH BARU SIAP HUNI, RUMAH TUNGGAL & FREE SEMUA BIAYA - BIAYA NYA",https://www.rumah123.com//properti/balikpapan/hos16202382/,https://picture.rumah123.com/r123/720x420-crop/house/ho16/16202382/original/hos16202382-rumah-di-jual-di-balikpapan-selatan-balikpapan-1706515762.jpg,"DI  RUMAH BARU SIAP HUNI, RUMAH TUNGGAL & FREE SEMUA BIAYA - BIAYA NYA",Rp 548 Juta,"Balikpapan Selatan, Balikpapan",2,1,165 m²,45 m²,,Rumah,SHM - Sertifikat Hak Milik,1300 Watt,,,,,,,,,,,,,Dijual
56,Tanah Tepi Jalan Utama Balikpapan,https://www.rumah123.com//properti/balikpapan/hos16194434/,https://picture.rumah123.com/r123-images/720x420-crop/customer/1746082/2024-01-29-00-06-59-864610c1-47aa-41a2-9044-cad3b826e144.jpg,Tanah Tepi Jalan Utama Balikpapan,"Rp 6,5 Miliar","Balikpapan Tengah, Balikpapan",4,4,156 m²,200 m²,2,Rumah,SHM - Sertifikat Hak Milik,3300 Watt,,1,Ya,Ya,Semi Furnished,2,Perkotaan,Ya,4 Mobil,PAM atau PDAM,Tidak,Butuh Renovasi,Dijual
57,"BALIKPAPAN, RUMAH ASRI DI DEKAT PANTAI (Y477)",https://www.rumah123.com//properti/balikpapan/hos16134735/,https://picture.rumah123.com/r123/720x420-crop/house/ho16/16134735/original/hos16134735-rumah-di-jual-di-batakan-balikpapan-1705963393.jpg,"BALIKPAPAN, RUMAH ASRI DI DEKAT PANTAI (Y477)","Rp 1,5 Miliar","Batakan, Balikpapan",3,2,105 m²,91 m²,,Rumah,SHM - Sertifikat Hak Milik,2200 Watt,,,,,,,,,,,,,Dijual
58,Hunian Elit  Modern Di Perumahan Grand City,https://www.rumah123.com//properti/balikpapan/hos16134729/,https://picture.rumah123.com/r123/720x420-crop/house/ho16/16134729/original/hos16134729-rumah-di-jual-di-balikpapan-utara-balikpapan-1705963085.jpg,Hunian Elit  Modern Di Perumahan Grand City,"Rp 1,5 Miliar","Balikpapan Utara, Balikpapan",2,1,72 m²,47 m²,2,Rumah,SHM - Sertifikat Hak Milik,2200 Watt,,,Ya,Ya,Semi Furnished,,Pemukiman Warga,Ya,3 Mobil,PAM atau PDAM,Tidak,Bagus,Dijual
59,BALIKPAPAN PRAPATAN RUMAH COCOK UNTUK BUKA USAHA PINGGIR JALAN RAYA,https://www.rumah123.com//properti/balikpapan/hos16122246/,https://picture.rumah123.com/r123/720x420-crop/house/ho16/16122246/original/hos16122246-rumah-di-jual-di-balikpapan-selatan-balikpapan-1705881908.jpg,BALIKPAPAN PRAPATAN RUMAH COCOK UNTUK BUKA USAHA PINGGIR JALAN RAYA,"Rp 1,6 Miliar","Balikpapan Selatan, Balikpapan",13,3,215 m²,180 m²,,Rumah,SHM - Sertifikat Hak Milik,1300 Watt,,1,Ya,Ya,Unfurnished,2,Pemukiman Warga,Ya,2 Mobil,PAM atau PDAM,Ya,Butuh Renovasi,Dijual
60,"RUMAH CANTIK, BERSIH DAN TERAWAT GRAND CITY BALIKPAPAN",https://www.rumah123.com//properti/balikpapan/hos16122238/,https://picture.rumah123.com/r123/720x420-crop/house/ho16/16122238/original/hos16122238-rumah-di-jual-di-balikpapan-utara-balikpapan-1705881727.jpg,"RUMAH CANTIK, BERSIH DAN TERAWAT GRAND CITY BALIKPAPAN","Rp 1,15 Miliar","Balikpapan Utara, Balikpapan",2,2,60 m²,47 m²,,Rumah,"Lainnya (PPJB,Girik,Adat,dll)",1300 Watt,,1,Tidak,Tidak,Unfurnished,2,Pemukiman Warga,Ya,2 Mobil,PAM atau PDAM,Tidak,Bagus,Dijual
61,TURUN HARGA!! RUMAH MINIMALIS PERUMAHAN TAMANSARI BUKIT MUTIARA (WIKA) BALIKPAPAN KAL-TIM,https://www.rumah123.com//properti/balikpapan/hos16122233/,https://picture.rumah123.com/r123/720x420-crop/house/ho16/16122233/original/hos16122233-rumah-di-jual-di-balikpapan-utara-balikpapan-1705881643.jpg,TURUN HARGA!! RUMAH MINIMALIS PERUMAHAN TAMANSARI BUKIT MUTIARA (WIKA) BALIKPAPAN KAL-TIM,Rp 600 Juta,"Balikpapan Utara, Balikpapan",2,1,90 m²,70 m²,1,Rumah,SHM - Sertifikat Hak Milik,1300 Watt,,1,Ya,Ya,Semi Furnished,1,Pemukiman Warga,Tidak,2 Mobil,,Tidak,Bagus,Dijual
62,HUNIAN ASRI 2 LANTAI SEMI FURNISH LOKASI AMAN NYAMAN DAN TENANG,https://www.rumah123.com//properti/balikpapan/hos16045582/,https://picture.rumah123.com/r123/720x420-crop/house/ho16/16045582/original/hos16045582-rumah-di-jual-di-balikpapan-selatan-balikpapan-1705280063.jpg,HUNIAN ASRI 2 LANTAI SEMI FURNISH LOKASI AMAN NYAMAN DAN TENANG,"Rp 2,1 Miliar","Balikpapan Selatan, Balikpapan",3,3,231 m²,231 m²,,Rumah,SHM - Sertifikat Hak Milik,2200 Watt,,,,,,,,,,,,,Dijual
63,"BALIKPAPAN,  KAWASAN ELITE BERSIH (Y91)",https://www.rumah123.com//properti/balikpapan/hos15982095/,https://picture.rumah123.com/r123/720x420-crop/house/ho15/15982095/original/hos15982095-rumah-di-jual-di-balikpapan-selatan-balikpapan-1704703840.jpg,"BALIKPAPAN,  KAWASAN ELITE BERSIH (Y91)","Rp 1,75 Miliar","Balikpapan Selatan, Balikpapan",2,1,212 m²,100 m²,,Rumah,SHM - Sertifikat Hak Milik,2200 Watt,1,,Tidak,Tidak,,,,Tidak,,,Tidak,,Dijual
64,BALIKPAPAN - HUNIAN Di Kawasan Elite (SL077),https://www.rumah123.com//properti/balikpapan/hos15982001/,https://picture.rumah123.com/r123/720x420-crop/house/ho15/15982001/original/hos15982001-rumah-di-jual-di-balikpapan-selatan-balikpapan-1704703443.jpg,BALIKPAPAN - HUNIAN Di Kawasan Elite (SL077),"Rp 1,8 Miliar","Balikpapan Selatan, Balikpapan",5,5,190 m²,100 m²,,Rumah,SHM - Sertifikat Hak Milik,3500 Watt,,,Tidak,Tidak,,,,Tidak,,,Tidak,,Dijual
65,BALIKPAPAN - Rumah Cantik di Kawasan Perumahan Elite (SL074),https://www.rumah123.com//properti/balikpapan/hos15982000/,https://picture.rumah123.com/r123/720x420-crop/house/ho15/15982000/original/hos15982000-rumah-di-jual-di-balikpapan-baru-balikpapan-1704703441.jpg,BALIKPAPAN - Rumah Cantik di Kawasan Perumahan Elite (SL074),"Rp 2,8 Miliar","Balikpapan Baru, Balikpapan",5,4,200 m²,298 m²,,Rumah,SHM - Sertifikat Hak Milik,5500 Watt,2,,Tidak,Tidak,,,,Tidak,,,Tidak,,Dijual
66,BALIKPAPAN - RUMAH TENGAH KOTA STRATEGIS (SL073),https://www.rumah123.com//properti/balikpapan/hos15981998/,https://picture.rumah123.com/r123/720x420-crop/house/ho15/15981998/original/hos15981998-rumah-di-jual-di-balikpapan-tengah-balikpapan-1704703440.jpg,BALIKPAPAN - RUMAH TENGAH KOTA STRATEGIS (SL073),"Rp 5,5 Miliar","Balikpapan Tengah, Balikpapan",3,3,620 m²,600 m²,,Rumah,SHM - Sertifikat Hak Milik,9500 Watt,,,Tidak,Tidak,,,,Tidak,,,Tidak,,Dijual
67,BALIKPAPAN - RUMAH FULL FURNISH DI KAWASAN PADAT PENDUDUK (SL055),https://www.rumah123.com//properti/balikpapan/hos15981961/,https://picture.rumah123.com/r123/720x420-crop/house/ho15/15981961/original/hos15981961-rumah-di-jual-di-balikpapan-utara-balikpapan-1704703278.jpg,BALIKPAPAN - RUMAH FULL FURNISH DI KAWASAN PADAT PENDUDUK (SL055),Rp 850 Juta,"Balikpapan Utara, Balikpapan",3,2,150 m²,100 m²,,Rumah,SHM - Sertifikat Hak Milik,1300 Watt,,,Tidak,Tidak,,,,Tidak,,,Tidak,,Dijual
68,BALIKPAPAN - HUNIAN MINIMALIS DI PUSAT KOTA BDS 3 (SL036),https://www.rumah123.com//properti/balikpapan/hos15981956/,https://picture.rumah123.com/r123/720x420-crop/house/ho15/15981956/original/hos15981956-rumah-di-jual-di-balikpapan-selatan-balikpapan-1704703275.jpg,BALIKPAPAN - HUNIAN MINIMALIS DI PUSAT KOTA BDS 3 (SL036),Rp 585 Juta,"Balikpapan Selatan, Balikpapan",2,1,87 m²,36 m²,,Rumah,HGB - Hak Guna Bangunan,1300 Watt,,,,,,,,,,,,,Dijual
69,BALIKPAPAN PUPUK (Y162),https://www.rumah123.com//properti/balikpapan/hos15981578/,https://picture.rumah123.com/r123/720x420-crop/house/ho15/15981578/original/hos15981578-rumah-di-jual-di-balikpapan-selatan-balikpapan-1704701779.jpg,BALIKPAPAN PUPUK (Y162),"Rp 4,5 Miliar","Balikpapan Selatan, Balikpapan",3,3,389 m²,400 m²,,Rumah,SHM - Sertifikat Hak Milik,4400 Watt,1,,,,,,,,,,,,Dijual
70,BALIKPAPAN REGENCY ( Y365),https://www.rumah123.com//properti/balikpapan/hos15981575/,https://picture.rumah123.com/r123/720x420-crop/house/ho15/15981575/original/hos15981575-rumah-di-jual-di-balikpapan-selatan-balikpapan-1704701760.jpg,BALIKPAPAN REGENCY ( Y365),Rp 550 Juta,"Balikpapan Selatan, Balikpapan",2,1,72 m²,72 m²,,Rumah,SHM - Sertifikat Hak Milik,1300 Watt,,,,,,,,,,,,,Dijual
71,BALIKPAPAN RUMAH DALAM CLUSTER (Y438),https://www.rumah123.com//properti/balikpapan/hos15981569/,https://picture.rumah123.com/r123/720x420-crop/house/ho15/15981569/original/hos15981569-rumah-di-jual-di-balikpapan-baru-balikpapan-1704701745.jpg,BALIKPAPAN RUMAH DALAM CLUSTER (Y438),"Rp 2,5 Miliar","Balikpapan Baru, Balikpapan",3,2,180 m²,119 m²,,Rumah,SHM - Sertifikat Hak Milik,2200 Watt,,,,,,,,,,,,,Dijual
72,BALIKPAPAN RUMAH MEWAH DALAM CLUSTER CIPUTRA SIAP HUNI (LKO 02),https://www.rumah123.com//properti/balikpapan/hos15981533/,https://picture.rumah123.com/r123/720x420-crop/house/ho15/15981533/original/hos15981533-rumah-di-jual-di-balikpapan-selatan-balikpapan-1704701608.jpg,BALIKPAPAN RUMAH MEWAH DALAM CLUSTER CIPUTRA SIAP HUNI (LKO 02),"Rp 3,5 Miliar","Balikpapan Selatan, Balikpapan",4,4,160 m²,298 m²,,Rumah,SHM - Sertifikat Hak Milik,5500 Watt,1,,,,,,,,,,,,Dijual
73,BALIKPAPAN BUKIT DAMAI INDAH ( LKO 01),https://www.rumah123.com//properti/balikpapan/hos15981532/,https://picture.rumah123.com/r123/720x420-crop/house/ho15/15981532/original/hos15981532-rumah-di-jual-di-balikpapan-selatan-balikpapan-1704701607.jpg,BALIKPAPAN BUKIT DAMAI INDAH ( LKO 01),"Rp 1,4 Miliar","Balikpapan Selatan, Balikpapan",4,2,144 m²,100 m²,,Rumah,SHM - Sertifikat Hak Milik,2200 Watt,,,Tidak,Tidak,,,,Tidak,,,Tidak,,Dijual
74,RUMAH DEKAT MALL DAERAH PUPUK UTARA V,https://www.rumah123.com//properti/balikpapan/hos15980799/,https://picture.rumah123.com/r123/720x420-crop/house/ho15/15980799/original/hos15980799-rumah-di-jual-di-balikpapan-selatan-balikpapan-1704698933.jpg,RUMAH DEKAT MALL DAERAH PUPUK UTARA V,"Rp 3,5 Miliar","Balikpapan Selatan, Balikpapan",4,6,300 m²,300 m²,,Rumah,SHM - Sertifikat Hak Milik,2200 Watt,,,,,,,,,,,,,Dijual
75,RUMAH TENGAH KOTA LOKASI DEPAN POLDA KALTIM HARGA NEGO,https://www.rumah123.com//properti/balikpapan/hos15980728/,https://picture.rumah123.com/r123/720x420-crop/house/ho15/15980728/original/hos15980728-rumah-di-jual-di-balikpapan-selatan-balikpapan-1704698617.jpg,RUMAH TENGAH KOTA LOKASI DEPAN POLDA KALTIM HARGA NEGO,"Rp 1,2 Miliar","Balikpapan Selatan, Balikpapan",3,1,150 m²,150 m²,,Rumah,SHM - Sertifikat Hak Milik,2200 Watt,,,,,,,,,,,,,Dijual
76,TIGA KAMAR DEKAT SILOAM HOSPITAL,https://www.rumah123.com//properti/balikpapan/hos15980708/,https://picture.rumah123.com/r123/720x420-crop/house/ho15/15980708/original/hos15980708-rumah-di-jual-di-balikpapan-selatan-balikpapan-1704698519.jpg,TIGA KAMAR DEKAT SILOAM HOSPITAL,Rp 850 Juta,"Balikpapan Selatan, Balikpapan",3,2,120 m²,120 m²,,Rumah,HGB - Hak Guna Bangunan,1300 Watt,,,,,,,,,,,,,Dijual
77,Rumah Mess Super Luas Strategis di Balikpapan Kalimantan Timur ,https://www.rumah123.com//properti/balikpapan/hos15980129/,https://picture.rumah123.com/r123-images/720x420-crop/customer/1157169/2024-01-08-06-45-47-c5c06a7d-0cb0-4875-b683-40f901de5738.jpg,Rumah Mess Super Luas Strategis di Balikpapan Kalimantan Timur ,"Rp 1,45 Miliar","Balikpapan Utara, Balikpapan",13,3,150 m²,260 m²,1,Rumah,SHM - Sertifikat Hak Milik,,,1,Ya,Ya,Furnished,2,Perkotaan,Tidak,,,Tidak,Bagus,Dijual
78,Rumah Mess Super Luas Strategis di Balikpapan Kalimantan Timur ,https://www.rumah123.com//properti/balikpapan/hos15980129/,https://picture.rumah123.com/r123-images/720x420-crop/customer/1157169/2024-01-08-06-45-47-c5c06a7d-0cb0-4875-b683-40f901de5738.jpg,Rumah Mess Super Luas Strategis di Balikpapan Kalimantan Timur ,"Rp 1,45 Miliar","Balikpapan Utara, Balikpapan",13,3,150 m²,260 m²,1,Rumah,SHM - Sertifikat Hak Milik,,,1,Ya,Ya,Furnished,2,Perkotaan,Ya,2 Mobil,,Tidak,Bagus,Dijual
79,Rumah Mess Super Luas Strategis di Balikpapan Kalimantan Timur ,https://www.rumah123.com//properti/balikpapan/hos15980012/,https://picture.rumah123.com/r123-images/720x420-crop/customer/1157169/2024-01-08-06-38-14-de6fc6df-75e6-480d-bcc2-971e91dc8428.jpg,Rumah Mess Super Luas Strategis di Balikpapan Kalimantan Timur ,"Rp 1,45 Miliar","Balikpapan Utara, Balikpapan",13,3,150 m²,260 m²,1,Rumah,SHM - Sertifikat Hak Milik,,,1,Ya,Ya,Furnished,2,Perkotaan,Tidak,,,Tidak,Bagus,Dijual
80,Rumah Mess Super Luas Strategis di Balikpapan Kalimantan Timur ,https://www.rumah123.com//properti/balikpapan/hos15980012/,https://picture.rumah123.com/r123-images/720x420-crop/customer/1157169/2024-01-08-06-38-14-de6fc6df-75e6-480d-bcc2-971e91dc8428.jpg,Rumah Mess Super Luas Strategis di Balikpapan Kalimantan Timur ,"Rp 1,45 Miliar","Balikpapan Utara, Balikpapan",13,3,150 m²,260 m²,1,Rumah,SHM - Sertifikat Hak Milik,,,1,Ya,Ya,Furnished,2,Perkotaan,Ya,2 Mobil,,Tidak,Bagus,Dijual
81,RUMAH DUA LANTAI LUAS HOMY COZY DALAM PERUMAHAN ELITE BALIKPAPAN,https://www.rumah123.com//properti/balikpapan/hos15813079/,https://picture.rumah123.com/r123/720x420-crop/house/ho15/15813079/original/hos15813079-rumah-di-jual-di-balikpapan-utara-balikpapan-1702874877.jpg,RUMAH DUA LANTAI LUAS HOMY COZY DALAM PERUMAHAN ELITE BALIKPAPAN,"Rp 1,8 Miliar","Balikpapan Utara, Balikpapan",3,3,256 m²,150 m²,,Rumah,SHM - Sertifikat Hak Milik,2200 Watt,2,,,,,,,,,,,,Dijual
82,Hunian Mewah di perumahan mewah Balikpapan Baru,https://www.rumah123.com//properti/balikpapan/hos15812008/,https://picture.rumah123.com/r123/720x420-crop/house/ho15/15812008/original/hos15812008-rumah-di-jual-di-balikpapan-baru-balikpapan-1702871513.jpg,Hunian Mewah di perumahan mewah Balikpapan Baru,"Rp 7,5 Miliar","Balikpapan Baru, Balikpapan",6,6,612 m²,289 m²,4,Rumah,SHM - Sertifikat Hak Milik,5500 Watt,2,,Ya,Ya,Unfurnished,,,Ya,2 Mobil,PAM atau PDAM,Tidak,Bagus,Dijual
83,RUMAH HOOK HOMY TERAWAT BARU RENOVASI DALAM PERUMAHAN BESAR BALIKPAPAN,https://www.rumah123.com//properti/balikpapan/hos15811857/,https://picture.rumah123.com/r123/720x420-crop/house/ho15/15811857/original/hos15811857-rumah-di-jual-di-balikpapan-utara-balikpapan-1702870881.jpg,RUMAH HOOK HOMY TERAWAT BARU RENOVASI DALAM PERUMAHAN BESAR BALIKPAPAN,"Rp 1,88 Miliar","Balikpapan Utara, Balikpapan",4,2,206 m²,139 m²,,Rumah,SHM - Sertifikat Hak Milik,3500 Watt,1,,,,,,,,,,,,Dijual
84,Rumah Minimalis Di Perumahan  Wika  balikpapan ,https://www.rumah123.com//properti/balikpapan/hos15810007/,https://picture.rumah123.com/r123/720x420-crop/house/ho15/15810007/original/hos15810007-rumah-di-jual-di-balikpapan-utara-balikpapan-1702858080.jpg,Rumah Minimalis Di Perumahan  Wika  balikpapan ,Rp 950 Juta,"Balikpapan Utara, Balikpapan",2,2,120 m²,110 m²,3,Rumah,SHM - Sertifikat Hak Milik,2200 Watt,,,Ya,Ya,Unfurnished,,Pemukiman Warga,Ya,2 Mobil,PAM atau PDAM,Tidak,Bagus,Dijual
85,House view lautan and city Balikpapan.  ,https://www.rumah123.com//properti/balikpapan/hos15809995/,https://picture.rumah123.com/r123/720x420-crop/house/ho15/15809995/original/hos15809995-rumah-di-jual-di-sepinggan-balikpapan-1702857719.jpg,House view lautan and city Balikpapan.  ,"Rp 1,95 Miliar","Sepinggan, Balikpapan",3,2,136 m²,190 m²,4,Rumah,HGB - Hak Guna Bangunan,1300 Watt,,,Ya,Ya,Semi Furnished,,Pantai,Ya,2 Mobil,PAM atau PDAM,Tidak,Baru,Dijual
86,Rumah Siap Huni (AL003),https://www.rumah123.com//properti/balikpapan/hos15748853/,https://picture.rumah123.com/r123-images/720x420-crop/customer/1838631/2023-12-11-04-25-27-8cd1355a-c030-438b-a7b1-ed9359d4bfbe.jpg,Rumah Siap Huni (AL003),"Rp 3,5 Miliar","Balikpapan Selatan, Balikpapan",4,4,160 m²,298 m²,,Rumah,SHM - Sertifikat Hak Milik,5500 Watt,1,,Ya,Ya,Furnished,1,Perkotaan,Ya,2 Mobil,PAM atau PDAM,Tidak,Bagus,Dijual
87,Hunian Nyaman di Perumahan Villa Damai,https://www.rumah123.com//properti/balikpapan/hos15746337/,https://picture.rumah123.com/r123/720x420-crop/house/ho15/15746337/original/hos15746337-rumah-di-jual-di-balikpapan-selatan-balikpapan-1702253867.jpg,Hunian Nyaman di Perumahan Villa Damai,"Rp 1,15 Miliar","Balikpapan Selatan, Balikpapan",3,2,151 m²,79 m²,,Rumah,SHM - Sertifikat Hak Milik,2200 Watt,,,Ya,Ya,Unfurnished,,Pemukiman Warga,Ya,2 Mobil,,Tidak,Bagus,Dijual
88,Kos-kosan di Marthadinata,https://www.rumah123.com//properti/balikpapan/hos15675967/,https://picture.rumah123.com/r123-images/720x420-crop/customer/1641896/2023-12-04-23-16-15-dfa27c2d-6992-45a0-bed7-dbdc34562ebb.jpg,Kos-kosan di Marthadinata,"Rp 2,2 Miliar","Balikpapan Tengah, Balikpapan",,,469 m²,520 m²,,Rumah,SHM - Sertifikat Hak Milik,3300 Watt,,,Tidak,Tidak,,1,,Ya,2 Mobil,PAM atau PDAM,Tidak,Sudah Renovasi,Dijual
89,Rumah istimewa Balikpapan Baru,https://www.rumah123.com//properti/balikpapan/hos15673436/,https://picture.rumah123.com/r123-images/720x420-crop/customer/1929388/2023-12-04-11-32-57-866f79b2-8582-4d88-b82c-d5390fcdd2fa.jpg,Rumah istimewa Balikpapan Baru,"Rp 3,9 Miliar","Balikpapan Baru, Balikpapan",3,2,235 m²,170 m²,3,Rumah,SHM - Sertifikat Hak Milik,2200 Watt,1,1,Ya,Ya,Semi Furnished,2,Perkotaan,Ya,2 Mobil,Sumur Galian,Ya,Sudah Renovasi,Dijual
90,Rumah Minimalis Lokasi Strategis,https://www.rumah123.com//properti/balikpapan/hos15619588/,https://picture.rumah123.com/r123-images/720x420-crop/customer/1355633/2023-12-03-05-06-18-50a100ce-e818-4da9-88e8-be57862a6002.png,Rumah Minimalis Lokasi Strategis,Rp 650 Juta,"Balikpapan Selatan, Balikpapan",3,2,72 m²,54 m²,1,Rumah,SHM - Sertifikat Hak Milik,4400 Watt,,1,Tidak,Ya,Unfurnished,1,Pemukiman Warga,Ya,,Sumur Bor,Tidak,Bagus,Dijual
91,"RUMAH BESAR DAN LUAS LOKASI NYAMAN, AMAN DAN TENANG",https://www.rumah123.com//properti/balikpapan/hos15664936/,https://picture.rumah123.com/r123/720x420-crop/house/ho15/15664936/original/hos15664936-rumah-di-jual-di-balikpapan-tengah-balikpapan-1701655354.jpg,"RUMAH BESAR DAN LUAS LOKASI NYAMAN, AMAN DAN TENANG","Rp 2,42 Miliar","Balikpapan Tengah, Balikpapan",4,3,354 m²,225 m²,,Rumah,SHM - Sertifikat Hak Milik,4400 Watt,,,Tidak,Tidak,,,,Tidak,,,Tidak,,Dijual
92,di Perumahan Rengganis,https://www.rumah123.com//properti/balikpapan/hos15664795/,https://picture.rumah123.com/r123-images/720x420-crop/customer/1641896/2023-12-04-01-47-04-6988b897-c412-4ced-b943-682c807edabc.jpg,di Perumahan Rengganis,"Rp 3,5 Miliar","Balikpapan Selatan, Balikpapan",,,300 m²,300 m²,,Rumah,SHM - Sertifikat Hak Milik,10000 Watt,,,Tidak,Tidak,,1,,Ya,2 Mobil,PAM atau PDAM,Tidak,Sudah Renovasi,Dijual
93,RUMAH MURAH SATU LANTAI DI KAWASAN SUMBER REJO,https://www.rumah123.com//properti/balikpapan/hos15664660/,https://picture.rumah123.com/r123/720x420-crop/house/ho15/15664660/original/hos15664660-rumah-di-jual-di-sumber-rejo-balikpapan-1701653437.jpg,RUMAH MURAH SATU LANTAI DI KAWASAN SUMBER REJO,Rp 650 Juta,"Sumber Rejo, Balikpapan",2,1,96 m²,45 m²,,Rumah,SHM - Sertifikat Hak Milik,1300 Watt,,,Tidak,Tidak,,,,Tidak,,,Tidak,,Dijual
94,Hunian Dihook di Perumahan Balikpapan Baru,https://www.rumah123.com//properti/balikpapan/hos15664366/,https://picture.rumah123.com/r123/720x420-crop/house/ho15/15664366/original/hos15664366-rumah-di-jual-di-balikpapan-baru-balikpapan-1701648606.jpg,Hunian Dihook di Perumahan Balikpapan Baru,"Rp 1,65 Miliar","Balikpapan Baru, Balikpapan",3,2,216 m²,200 m²,,Rumah,SHM - Sertifikat Hak Milik,900 Watt,,,,,,,,,,,,,Dijual
95,RUMAH  2 LANTAI SIAP HUNI DI REGENCY,https://www.rumah123.com//properti/balikpapan/hos15597986/,https://picture.rumah123.com/r123/720x420-crop/house/ho15/15597986/original/hos15597986-rumah-di-jual-di-balikpapan-selatan-balikpapan-1701074093.jpg,RUMAH  2 LANTAI SIAP HUNI DI REGENCY,Rp 795 Juta,"Balikpapan Selatan, Balikpapan",3,2,84 m²,56 m²,,Rumah,SHM - Sertifikat Hak Milik,2200 Watt,,,,,,,,,,,,,Dijual
96,RUMAH MURAH SATU LANTAI DI PERUMAHAN DAUN VILLAGE,https://www.rumah123.com//properti/balikpapan/hos15591093/,https://picture.rumah123.com/r123/720x420-crop/house/ho15/15591093/original/hos15591093-rumah-di-jual-di-balikpapan-selatan-balikpapan-1701048332.jpg,RUMAH MURAH SATU LANTAI DI PERUMAHAN DAUN VILLAGE,Rp 700 Juta,"Balikpapan Selatan, Balikpapan",2,1,85 m²,45 m²,,Rumah,HGB - Hak Guna Bangunan,1300 Watt,,,Tidak,Tidak,,,,Tidak,,,Tidak,,Dijual
97,RUMAH SIAP HUNI CANTIK MINIMALIS DI BALIKPAPAN REGENCY,https://www.rumah123.com//properti/balikpapan/hos15530444/,https://picture.rumah123.com/r123/720x420-crop/house/ho15/15530444/original/hos15530444-rumah-di-jual-di-balikpapan-selatan-balikpapan-1700464247.jpg,RUMAH SIAP HUNI CANTIK MINIMALIS DI BALIKPAPAN REGENCY,"Rp 1,2 Miliar","Balikpapan Selatan, Balikpapan",3,2,158 m²,120 m²,,Rumah,SHM - Sertifikat Hak Milik,2200 Watt,,,,,,,,,,,,,Dijual
98,"Dijual Rumah di Bukit Damai Indah Bdi, Balikpapan",https://www.rumah123.com//properti/balikpapan/hos15526084/,https://picture.rumah123.com/r123-images/720x420-crop/customer/1805813/2023-11-20-02-37-51-e9ec2864-d4eb-4160-b650-6e4c90ac4f6e.png,"Dijual Rumah di Bukit Damai Indah Bdi, Balikpapan","Rp 1,5 Miliar","Balikpapan Selatan, Balikpapan",3,2,180 m²,60 m²,1,Rumah,SHM - Sertifikat Hak Milik,2200 Watt,,,Tidak,Ya,Unfurnished,1,Perkotaan,Ya,2 Mobil,PAM atau PDAM,Tidak,Bagus,Dijual
99,Rumah Mewah 2 lantai  di komplek Ramayana Balikpapan,https://www.rumah123.com//properti/balikpapan/hos15442484/,https://picture.rumah123.com/r123/720x420-crop/house/ho15/15442484/original/hos15442484-rumah-di-jual-di-balikpapan-utara-balikpapan-1699851707.jpg,Rumah Mewah 2 lantai  di komplek Ramayana Balikpapan,"Rp 1,8 Miliar","Balikpapan Utara, Balikpapan",5,4,300 m²,308 m²,,Rumah,SHM - Sertifikat Hak Milik,4400 Watt,,,,,,,,,,,,,Dijual
100,RUMAH MINIMAlIS HOOK 1 LANTAI SIAP HUNI DENGAN LOKASI NYAMAN DAN AMAN,https://www.rumah123.com//properti/balikpapan/hos15372362/,https://picture.rumah123.com/r123/720x420-crop/house/ho15/15372362/original/hos15372362-rumah-di-jual-di-balikpapan-timur-balikpapan-1699259949.jpg,RUMAH MINIMAlIS HOOK 1 LANTAI SIAP HUNI DENGAN LOKASI NYAMAN DAN AMAN,"Rp 1,3 Miliar","Balikpapan Timur, Balikpapan",2,2,112 m²,122 m²,,Rumah,SHM - Sertifikat Hak Milik,2200 Watt,,,Tidak,Tidak,,,,Tidak,,,Tidak,,Dijual
101,Rumah Perumahan Pondok Anggun Batu Ampar  Balikpapan utara,https://www.rumah123.com//properti/balikpapan/hos15371054/,https://picture.rumah123.com/r123/720x420-crop/house/ho15/15371054/original/hos15371054-rumah-di-jual-di-batu-ampar-balikpapan-1699256032.jpg,Rumah Perumahan Pondok Anggun Batu Ampar  Balikpapan utara,Rp 1 Miliar,"Batu Ampar, Balikpapan",4,2,162 m²,100 m²,,Rumah,SHM - Sertifikat Hak Milik,2200 Watt,,,,,,,,,,,,,Dijual
102,"Rumah perumahan Ramayana kilo KM 3,5 balikpapan utara",https://www.rumah123.com//properti/balikpapan/hos15371052/,https://picture.rumah123.com/r123/720x420-crop/house/ho15/15371052/original/hos15371052-rumah-di-jual-di-balikpapan-utara-balikpapan-1699256030.jpg,"Rumah perumahan Ramayana kilo KM 3,5 balikpapan utara",Rp 950 Juta,"Balikpapan Utara, Balikpapan",4,2,210 m²,150 m²,,Rumah,HGB - Hak Guna Bangunan,2200 Watt,,,,,,,,,,,,,Dijual
103,Rumah baru perumahan pesona katulistiwa suangai ampal balikpapan,https://www.rumah123.com//properti/balikpapan/hos15371050/,https://picture.rumah123.com/r123/720x420-crop/house/ho15/15371050/original/hos15371050-rumah-di-jual-di-sumber-rejo-balikpapan-1699256029.jpg,Rumah baru perumahan pesona katulistiwa suangai ampal balikpapan,Rp 673 Juta,"Sumber Rejo, Balikpapan",3,1,78 m²,42 m²,,Rumah,SHM - Sertifikat Hak Milik,1300 Watt,,,,,,,,,,,,,Dijual
104,BALIKPAPAN PERUMAHAN RESIDENCE KARTINI BALIKPAPAN DUA,https://www.rumah123.com//properti/balikpapan/hos15369411/,https://picture.rumah123.com/r123/720x420-crop/house/ho15/15369411/original/hos15369411-rumah-di-jual-di-balikpapan-selatan-balikpapan-1699249341.jpg,BALIKPAPAN PERUMAHAN RESIDENCE KARTINI BALIKPAPAN DUA,"Rp 1,2 Miliar","Balikpapan Selatan, Balikpapan",2,1,120 m²,90 m²,,Rumah,HGB - Hak Guna Bangunan,1300 Watt,,,Tidak,Tidak,,,,Tidak,,,Tidak,,Dijual
105,RUMAH DUA KAMAR TIDUR SIAP HUNI DALAM PERUMAHAN TENGAH KOTA BALIKPAPAN,https://www.rumah123.com//properti/balikpapan/hos15293783/,https://picture.rumah123.com/r123/720x420-crop/house/ho15/15293783/original/hos15293783-rumah-di-jual-di-balikpapan-selatan-balikpapan-1698655216.jpg,RUMAH DUA KAMAR TIDUR SIAP HUNI DALAM PERUMAHAN TENGAH KOTA BALIKPAPAN,Rp 900 Juta,"Balikpapan Selatan, Balikpapan",2,1,91 m²,60 m²,,Rumah,SHM - Sertifikat Hak Milik,1300 Watt,,,,,,,,,,,,,Dijual
106,RUMAH TIGA KAMAR TIDUR SIAP HUNI DALAM PERUMAHAN TENGAH KOTA BALIKPAPAN,https://www.rumah123.com//properti/balikpapan/hos15293469/,https://picture.rumah123.com/r123/720x420-crop/house/ho15/15293469/original/hos15293469-rumah-di-jual-di-balikpapan-utara-balikpapan-1698654298.jpg,RUMAH TIGA KAMAR TIDUR SIAP HUNI DALAM PERUMAHAN TENGAH KOTA BALIKPAPAN,"Rp 1,25 Miliar","Balikpapan Utara, Balikpapan",3,2,210 m²,98 m²,,Rumah,SHM - Sertifikat Hak Milik,900 Watt,,,,,,,,,,,,,Dijual
107,RUMAH TIGA KAMAR TIDUR SIAP HUNI DALAM PERUMAHAN TENGAH KOTA BALIKPAPAN,https://www.rumah123.com//properti/balikpapan/hos15434601/,https://picture.rumah123.com/r123/720x420-crop/house/ho15/15434601/original/hos15434601-rumah-di-jual-di-balikpapan-utara-balikpapan-1699782916.jpg,RUMAH TIGA KAMAR TIDUR SIAP HUNI DALAM PERUMAHAN TENGAH KOTA BALIKPAPAN,"Rp 1,25 Miliar","Balikpapan Utara, Balikpapan",3,2,210 m²,98 m²,,Rumah,SHM - Sertifikat Hak Milik,900 Watt,,,,,,,,,,,,,Dijual
108,RUMAH MODERN MEWAH EXCLUSIVE DI TENGAH KOTA BALIKPAPAN,https://www.rumah123.com//properti/balikpapan/hos15207014/,https://picture.rumah123.com/r123/720x420-crop/house/ho15/15207014/original/hos15207014-rumah-di-jual-di-balikpapan-selatan-balikpapan-1698020296.jpg,RUMAH MODERN MEWAH EXCLUSIVE DI TENGAH KOTA BALIKPAPAN,"Rp 2,8 Miliar","Balikpapan Selatan, Balikpapan",3,3,126 m²,92 m²,,Rumah,SHM - Sertifikat Hak Milik,2200 Watt,,,,,,,,,,,,,Dijual
109,RUMAH  DI SEPINGGAN PRATAMA,https://www.rumah123.com//properti/balikpapan/hos15207008/,https://picture.rumah123.com/r123/720x420-crop/house/ho15/15207008/original/hos15207008-rumah-di-jual-di-balikpapan-selatan-balikpapan-1698020118.jpg,RUMAH  DI SEPINGGAN PRATAMA,"Rp 1,1 Miliar","Balikpapan Selatan, Balikpapan",3,3,120 m²,120 m²,,Rumah,SHM - Sertifikat Hak Milik,2200 Watt,,,,,,,,,,,,,Dijual
110,RUMAH CANTIK SATU LANTAI SIAP HUNI DI PERUMAHAN WIKA,https://www.rumah123.com//properti/balikpapan/hos15050173/,https://picture.rumah123.com/r123/720x420-crop/house/ho15/15050173/original/hos15050173-rumah-di-jual-di-balikpapan-utara-balikpapan-1696826211.jpg,RUMAH CANTIK SATU LANTAI SIAP HUNI DI PERUMAHAN WIKA,"Rp 2,8 Miliar","Balikpapan Utara, Balikpapan",3,2,311 m²,225 m²,,Rumah,SHM - Sertifikat Hak Milik,3500 Watt,1,,Tidak,Tidak,,,,Tidak,,,Tidak,,Dijual
111,rumah tingkat 2 di kampung  Timur Balikpapan,https://www.rumah123.com//properti/balikpapan/hos15049662/,https://picture.rumah123.com/r123/720x420-crop/house/ho15/15049662/original/hos15049662-rumah-di-jual-di-gn.-samarinda-balikpapan-1696824426.jpg,rumah tingkat 2 di kampung  Timur Balikpapan,"Rp 1,65 Miliar","Gn. Samarinda, Balikpapan",6,2,250 m²,246 m²,,Rumah,SHM - Sertifikat Hak Milik,2200 Watt,,,Tidak,Tidak,Unfurnished,,Pemukiman Warga,Tidak,2 Mobil,,Tidak,Bagus,Dijual
112,Hunian baru konsep Villa ditengah kota balikpapan ,https://www.rumah123.com//properti/balikpapan/hos15048371/,https://picture.rumah123.com/r123/720x420-crop/house/ho15/15048371/original/hos15048371-rumah-di-jual-di-damai-balikpapan-1696819627.jpg,Hunian baru konsep Villa ditengah kota balikpapan ,Rp 850 Juta,"Damai, Balikpapan",3,3,125 m²,135 m²,2,Rumah,SHM - Sertifikat Hak Milik,2200 Watt,,,Tidak,Tidak,Unfurnished,,Pemukiman Warga,Tidak,2 Mobil,Sumur Bor,Tidak,Baru,Dijual
113,Hunian terawat di perumahan yang nyaman sekali,https://www.rumah123.com//properti/balikpapan/hos15047965/,https://picture.rumah123.com/r123/720x420-crop/house/ho15/15047965/original/hos15047965-rumah-di-jual-di-balikpapan-selatan-balikpapan-1696817539.jpg,Hunian terawat di perumahan yang nyaman sekali,Rp 800 Juta,"Balikpapan Selatan, Balikpapan",3,2,130 m²,125 m²,2,Rumah,SHM - Sertifikat Hak Milik,2200 Watt,,,Tidak,Tidak,Unfurnished,,Pemukiman Warga,Tidak,2 Mobil,PAM atau PDAM,Tidak,Bagus,Dijual
114,"Rumah dikawasan adem, nyaman dan aman dikota balikpapan ",https://www.rumah123.com//properti/balikpapan/hos15047935/,https://picture.rumah123.com/r123/720x420-crop/house/ho15/15047935/original/hos15047935-rumah-di-jual-di-sepinggan-balikpapan-1696817389.jpg,"Rumah dikawasan adem, nyaman dan aman dikota balikpapan ",Rp 850 Juta,"Sepinggan, Balikpapan",3,2,180 m²,160 m²,1,Rumah,HGB - Hak Guna Bangunan,1300 Watt,,,Tidak,Tidak,Unfurnished,,Pemukiman Warga,Tidak,2 Mobil,PAM atau PDAM,Tidak,Bagus,Dijual
115,Hunian cantik ditengah kota balikpapan. ,https://www.rumah123.com//properti/balikpapan/hos15047891/,https://picture.rumah123.com/r123/720x420-crop/house/ho15/15047891/original/hos15047891-rumah-di-jual-di-balikpapan-selatan-balikpapan-1696817072.jpg,Hunian cantik ditengah kota balikpapan. ,"Rp 1,75 Miliar","Balikpapan Selatan, Balikpapan",5,2,300 m²,280 m²,1,Rumah,SHM - Sertifikat Hak Milik,3500 Watt,,,Tidak,Tidak,Furnished,,Pemukiman Warga,Tidak,2 Mobil,PAM atau PDAM,Tidak,Bagus,Dijual
116,"BALIKPAPAN, RUMAH LUAS DI MANGGAR (Y515)",https://www.rumah123.com//properti/balikpapan/hos15047172/,https://picture.rumah123.com/r123/720x420-crop/house/ho15/15047172/original/hos15047172-rumah-di-jual-di-batakan-balikpapan-1700036070.jpg,"BALIKPAPAN, RUMAH LUAS DI MANGGAR (Y515)","Rp 1,35 Miliar","Batakan, Balikpapan",4,5,350 m²,320 m²,,Rumah,SHM - Sertifikat Hak Milik,2200 Watt,,,,,,,,,,,,,Dijual
117,RUMAH EMPAT KAMAR TIDUR BARU DI CAT DALAM PERUMAHAN ELITE BALIKPAPAN,https://www.rumah123.com//properti/balikpapan/hos14975200/,https://picture.rumah123.com/r123/720x420-crop/house/ho14/14975200/original/hos14975200-rumah-di-jual-di-balikpapan-selatan-balikpapan-1696236739.jpg,RUMAH EMPAT KAMAR TIDUR BARU DI CAT DALAM PERUMAHAN ELITE BALIKPAPAN,"Rp 1,25 Miliar","Balikpapan Selatan, Balikpapan",4,2,144 m²,100 m²,,Rumah,SHM - Sertifikat Hak Milik,1300 Watt,,,,,,,,,,,,,Dijual
118,RUMAH HOOK EMPAT KAMAR TIDUR DALAM PERUMAHAN BALIKPAPAN,https://www.rumah123.com//properti/balikpapan/hos14975019/,https://picture.rumah123.com/r123/720x420-crop/house/ho14/14975019/original/hos14975019-rumah-di-jual-di-balikpapan-selatan-balikpapan-1696236249.jpg,RUMAH HOOK EMPAT KAMAR TIDUR DALAM PERUMAHAN BALIKPAPAN,Rp 900 Juta,"Balikpapan Selatan, Balikpapan",4,2,163 m²,100 m²,,Rumah,SHM - Sertifikat Hak Milik,1300 Watt,,,,,,,,,,,,,Dijual
119,RUMAH HOOK EMPAT KAMAR TIDUR DALAM PERUMAHAN BALIKPAPAN,https://www.rumah123.com//properti/balikpapan/hos10087129/,https://picture.rumah123.com/r123/720x420-crop/house/ho10/10087129/original/hos10087129-rumah-di-jual-di-balikpapan-selatan-balikpapan-1650088224.jpg,RUMAH HOOK EMPAT KAMAR TIDUR DALAM PERUMAHAN BALIKPAPAN,Rp 900 Juta,"Balikpapan Selatan, Balikpapan",4,2,163 m²,100 m²,,Rumah,SHM - Sertifikat Hak Milik,1300 Watt,,,,,,,,,,,,,Dijual
120,RUMAH  KONTRAKAN  2 LANTAI 4 PINTU  BANGUNAN BARU  DI BATAKAN MAS,https://www.rumah123.com//properti/balikpapan/hos14974991/,https://picture.rumah123.com/r123/720x420-crop/house/ho14/14974991/original/hos14974991-rumah-di-jual-di-batakan-balikpapan-1696236153.jpg,RUMAH  KONTRAKAN  2 LANTAI 4 PINTU  BANGUNAN BARU  DI BATAKAN MAS,"Rp 1,1 Miliar","Batakan, Balikpapan",8,4,135 m²,120 m²,,Rumah,SHM - Sertifikat Hak Milik,3500 Watt,,,,,,,,,,,,,Dijual
121,RUMAH STRATEGIS DI TEPI JL. LETJEN S PARMAN BALIKPAPAN,https://www.rumah123.com//properti/balikpapan/hos14971549/,https://picture.rumah123.com/r123/720x420-crop/house/ho14/14971549/original/hos14971549-rumah-di-jual-di-balikpapan-tengah-balikpapan-1696225677.jpg,RUMAH STRATEGIS DI TEPI JL. LETJEN S PARMAN BALIKPAPAN,"Rp 3,4 Miliar","Balikpapan Tengah, Balikpapan",3,2,305 m²,220 m²,,Rumah,SHM - Sertifikat Hak Milik,1300 Watt,1,,,,,,,,,,,,Dijual
122,RUMAH SECOND DIJUAL CEPAT BU DI JL. SORONG BALIKPAPAN,https://www.rumah123.com//properti/balikpapan/hos14910203/,https://picture.rumah123.com/r123-images/720x420-crop/customer/1252698/2023-09-25-22-26-17-85b8038c-cfdd-4953-ab86-b259d87770c1.jpg,RUMAH SECOND DIJUAL CEPAT BU DI JL. SORONG BALIKPAPAN,"Rp 1,8 Miliar","Muara Rapak, Balikpapan",6,3,268 m²,243 m²,2,Rumah,SHM - Sertifikat Hak Milik,2200 Watt,,1,Ya,Ya,Unfurnished,2,Perkotaan,Ya,2 Mobil,PAM atau PDAM,Tidak,Bagus,Dijual
123,RUMAH GRANDCITY CLUSTER NORDVILLE BALIKPAPAN GERBANG IKN,https://www.rumah123.com//properti/balikpapan/hos14900189/,https://picture.rumah123.com/r123/720x420-crop/house/ho14/14900189/original/hos14900189-rumah-di-jual-di-balikpapan-utara-balikpapan-1695611331.jpg,RUMAH GRANDCITY CLUSTER NORDVILLE BALIKPAPAN GERBANG IKN,"Rp 1,71 Miliar","Balikpapan Utara, Balikpapan",3,2,98 m²,88 m²,,Rumah,"Lainnya (PPJB,Girik,Adat,dll)",2200 Watt,,1,Tidak,Tidak,Unfurnished,2,Pemukiman Warga,Tidak,2 Mobil,,Tidak,Baru,Dijual
124,RUMAH NEW HAYFIELD GRAND CITY BALIKPAPAN DP HANYA 10 JUTAAN,https://www.rumah123.com//properti/balikpapan/hos14898231/,https://picture.rumah123.com/r123/720x420-crop/house/ho14/14898231/original/hos14898231-rumah-di-jual-di-balikpapan-utara-balikpapan-1695603136.jpg,RUMAH NEW HAYFIELD GRAND CITY BALIKPAPAN DP HANYA 10 JUTAAN,Rp 960 Juta,"Balikpapan Utara, Balikpapan",2,2,60 m²,47 m²,,Rumah,"Lainnya (PPJB,Girik,Adat,dll)",2200 Watt,,1,Tidak,Tidak,Unfurnished,2,Pemukiman Warga,Tidak,2 Mobil,,Tidak,Baru,Dijual
